C00720ZZ;ENGEFORM - CALCA ELAST TOTAL - SARJA 250GR 8260 CINZA;0
C00720ZZ.0001;ENGEFORM - CALCA ELAST TOTAL - SARJA 250GR 8260 CINZA - G;0
C00721ZZ;ENGEFORM - CAMISA GOLA ITALIANA ML - SARJA 202GR 8260 CIINZA;0
C00721ZZ.0001;ENGEFORM - CAMISA GOLA ITALIANA ML - SARJA 202GR 8260 CIINZA - G;0
C00722ZZ;ENGEFORM -  CAMISETA GOLA POLO MC - PIQUET PV 0001 BRANCO;0
C00722ZZ.0001;ENGEFORM -  CAMISETA GOLA POLO MC - PIQUET PV 0001 BRANCO - G;0
C00723ZZ;ENGEFORM -  CAMISETA GOLA POLO MC - PIQUET PV 030 CINZA;0
C00723ZZ.0001;ENGEFORM -  CAMISETA GOLA POLO MC - PIQUET PV 030 CINZA - G;0
C00724ZZ;ENGEFORM -  BABY GOLA POLO MC - PIQUET PV 030 CZ CLARO;0
C00724ZZ.0001;ENGEFORM -  BABY GOLA POLO MC - PIQUET PV 030 CZ CLARO - G;0
C00725ZZ;ENGEFORM - CAMISA GOLA ITALIANA ML - SARJA 202GR 8260 CIINZA;0
C00725ZZ.0001;ENGEFORM - CAMISA GOLA ITALIANA ML - SARJA 202GR 8260 CIINZA - G;0
C00730ZZ;MICHELIN  - BERMUDA COS INTEIRO - CEDROPAC II 5097 MARINHO;0
C00730ZZ.0001;MICHELIN  - BERMUDA COS INTEIRO - CEDROPAC II 5097 MARINHO - 46;0
C00731ZZ;MICHELIN  - CALCA COS INTEIRO - CEDROPAC II 5097 MARINHO;0
C00731ZZ.0001;MICHELIN  - CALCA COS INTEIRO - CEDROPAC II 5097 MARINHO - 46;0
C00732ZZ;MICHELIN - CALCA ELAST TOTAL - CEDROPAC II 5097 MARINHO;0
C00732ZZ.0001;MICHELIN - CALCA ELAST TOTAL - CEDROPAC II 5097 MARINHO - G;0
C00733ZZ;MICHELIN - CAMISA ABERTA MC - CEDROPAC LEVE 5097 MARINHO;0
C00733ZZ.0001;MICHELIN - CAMISA ABERTA MC - CEDROPAC LEVE 5097 MARINHO - 52;0
C00734ZZ;MICHELIN - JALECO SEM MANGAS - CEDROPAC LEVE 5097 MARINHO;0
C00734ZZ.0001;MICHELIN - JALECO SEM MANGAS - CEDROPAC LEVE 5097 MARINHO - 52;0
C00735ZZ;MICHELIN - GUARDA PO 7-8 ML - UNISOFT 1001 BRANCO;0
C00735ZZ.0001;MICHELIN - GUARDA PO 7-8 ML - UNISOFT 1001 BRANCO - 52;0
C00736ZZ;MICHELIN  - GUARDA PO 3-4 ML - CEDROPAC LEVE 5097 MARINHO;0
C00736ZZ.0001;MICHELIN  - GUARDA PO 3-4 ML - CEDROPAC LEVE 5097 MARINHO - G;0
C00737ZZ;MICHELIN - BABY GOLA V MC - ALG 30-1CARD 135 AMARELO;0
C00737ZZ.0001;MICHELIN - BABY GOLA V MC - ALG 30-1CARD 135 AMARELO - 52;0
C00738ZZ;MICHELIN - REGATA GOLA RED - ALG 30-1CARD 135 AMARELO;0
C00738ZZ.0001;MICHELIN - REGATA GOLA RED - ALG 30-1CARD 135 AMARELO - G;0
C00739ZZ;MICHELIN - CAMISETA GOLA RED MC - ALG 30-1CARD 136 LARANJA;0
C00739ZZ.0001;MICHELIN - CAMISETA GOLA RED MC - ALG 30-1CARD 136 LARANJA - G;0
C00740ZZ;MICHELIN - CAMISETA GOLA RED MC - ALG 30-1CARD 135 AMARELO;0
C00740ZZ.0001;MICHELIN - CAMISETA GOLA RED MC - ALG 30-1CARD 135 AMARELO - G;0
C00741ZZ;MICHELIN - BABY GOLA RED MC - ALG 30-1CARD 136 LARANJA;0
C00741ZZ.0001;MICHELIN - BABY GOLA RED MC - ALG 30-1CARD 136 LARANJA - G;0
C00742ZZ;MICHELIN -  MACACAO MC - CEDROPAC II 5097 MARINHO;0
C00742ZZ.0001;MICHELIN -  MACACAO MC - CEDROPAC II 5097 MARINHO - G;0
C00743ZZ;MICHELIN - MACACAO RETARD CHAMAS CEDROTECH FR 5098 AZ RY;0
C1034L;PREF DE CURITIBA - CALCA MEIO ELAST - POLYCEDROBRIM 5228 MAR;0
C1034L.0001;PREF DE CURITIBA - CALCA MEIO ELAST - POLYCEDROBRIM 5228 MAR - G;0
C1496I.0017;ROTA SUL - CALCA MEIO ELAST - UNIVERSAL 1006 VERDE PETROLEO - GG;0
C6116ZZ;CALCA MEIO ELAST - UNILESTER SOFT 2016 PRETO;0
C6116ZZ.0003;CALCA MEIO ELAST - UNILESTER SOFT 2016 PRETO - M;0
C6420N.0001;PREF DE ERECHIM - CAMISETA GOLA RED MC - PV 014 PRETO - G;0
C6420N.0002;PREF DE ERECHIM - CAMISETA GOLA RED MC - PV 014 PRETO - XGG;0
C6420N.0003;PREF DE ERECHIM - CAMISETA GOLA RED MC - PV 014 PRETO - M;0
C6420N.0004;PREF DE ERECHIM - CAMISETA GOLA RED MC - PV 014 PRETO - P;0
C6420N.0005;PREF DE ERECHIM - CAMISETA GOLA RED MC - PV 014 PRETO - PP;0
C6420N.0006;PREF DE ERECHIM - CAMISETA GOLA RED MC - PV 014 PRETO - GG;0
C6585N;PREF DE CURITIBA -CAMISETA GOLA RED MC - ALG 30-1 PENT 001 BRA;0
C6585N.0001;PREF DE CURITIBA -CAMISETA GOLA RED MC - ALG 30-1 PENT 001 BRA - G;0
C6586I;PREF DE CURITIBA -CAMISETA GOLA RED MC - ALG 30-1 PENT 230 ALUM;0
C6586I.0001;PREF DE CURITIBA -CAMISETA GOLA RED MC - ALG 30-1 PENT 230 ALUM - G;0
C6586N;PREF DE CURITIBA -CAMISETA GOLA RED ML - ALG 30-1 PENT 001 BRA;0
C6586N.0001;PREF DE CURITIBA -CAMISETA GOLA RED ML - ALG 30-1 PENT 001 BRA - G;0
C6952L.0001;FIBRAPLAC - CAMISETA GOLA PADRE MC - POLIVISCOSE 608 VERDE - G;0
