6501I-LOG;6501I-LOG;C6501I-LOG;ITEM INATIVO UTILIZAR MODELO C6501I-LOG
6579I-LOG;6579I-LOG;C6579I-LOG;ITEM INATIVO UTILIZAR MODELO C6579I-LOG
9681E-GGX;ABAST COMB - SUETER DE LA 100 ACRIL 1 FIO FEM GOLA V 910 CEREJ - CONF1;C9681E-GGX;ITEM INATIVO UTILIZAR MODELO C9681E-GGX
3570H-LOG;ADAMI & GRANEMANN - GUARDA PO ML - SARJA LIDER 250 GM 5280 AZU - CONF1;C3570H-LOG;ITEM INATIVO UTILIZAR MODELO C3570H-LOG
1019I;ALIBEM - CALCA ELAST TOTAL - UNILESTER SOFT 1001 BRANCO - CONF1;C1019I;ITEM INATIVO UTILIZAR MODELO C1019I
1501F;ALIBEM - CALCA ELASTICO TOTAL RETARD - UNISAFE SLIM FR 1014 AZ - CONF;C1501F;ITEM INATIVO UTILIZAR MODELO C1501F
1486I;ALIBEM - CALCA ELASTICO TOTAL RETARD - UNISAFE SLIM FR 1014 AZ - CONF1;C1486I;ITEM INATIVO UTILIZAR MODELO C1486I
1047K;ALIBEM - CALCA TERMICA ELASTICO - UNILESTER 2001 BRANCO - CONF1;C1047K;ITEM INATIVO UTILIZAR MODELO C1047K
2244M;ALIBEM - CAMISA GOLA POLO MC - UNILESTER SOFT 2001 BRANCO - CONF1AA;C2244M;ITEM INATIVO UTILIZAR MODELO C2244M
2843F;ALIBEM - CAMISA GOLA POLO ML - UNIFIT 5014 AZ RY - CONF;C2843F;ITEM INATIVO UTILIZAR MODELO C2843F
2977J;ALIBEM - CAMISA ML RETARD - CEDROTECH FR 5098 AZ RY - CONF1;C2977J;ITEM INATIVO UTILIZAR MODELO C2977J
2011G;ALIBEM - CAMISA ML RETARD CHAMAS - UNISAFE SLIM FR 1014 AZ - CONF;C2011G;ITEM INATIVO UTILIZAR MODELO C2011G
3946H;ALIBEM - GPO 3-4 ML - CITBRIM 0022 BRANCO - CONF1;C3946H;ITEM INATIVO UTILIZAR MODELO C3946H
3947H;ALIBEM - GUARDA PO 3-4  MC - CITBRIM 0022 BRANCO - CONF1;C3947H;ITEM INATIVO UTILIZAR MODELO C3947H
3429J;ALIBEM - GUARDA PO 7-8 ML - OXFORD MT BRANCO - CONF 1;C3429J;ITEM INATIVO UTILIZAR MODELO C3429J
5162E;ALIBEM - JAQUETA RETARD A CHAMA - UNISAFE SLIM FR 1014 AZ - CONF1;C5162E;ITEM INATIVO UTILIZAR MODELO C5162E
9580G;ALIBEM - MOLETOM BLUSAO TERMICO - FLANELADO BRANCO - CONF1;C9580G;ITEM INATIVO UTILIZAR MODELO C9580G
5157E;CENCI - JAQUETA FEM - NYLON 100  COSTURA 5 X 5 16 PRETA - CONF1;C5157E;ITEM INATIVO UTILIZAR MODELO C5157E
5156E;CENCI - JAQUETA MASC - NYLON 100  COSTURA 5 X 5 16 PRETA - CONF1;C5156E;ITEM INATIVO UTILIZAR MODELO C5156E
9092E-GGX;CENCI - SUETER GOLA V FEM - 50 ACR 50 ALG - 9434 - 893 AZUL - CONF1;C9092E-GGX;ITEM INATIVO UTILIZAR MODELO C9092E-GGX
9090E-GGX;CENCI - SUETER GOLA V MASC - 50 ACRI 50 ALG - 9431 - 714 GRAFIT- CONF1;C9090E-GGX;ITEM INATIVO UTILIZAR MODELO C9090E-GGX
4313ZZ;CHARRUA - BONE MOD 6 GOMOS - ACIMA DE 100PCS - REG. VELCRO- CONF1;C4313ZZ;ITEM INATIVO UTILIZAR MODELO C4313ZZ
5761E-CTO;CONSERTO - ABAST BUTIA -JAQUETA - NYLON  5 X 5 16 PTO - CONF1;C5761E-CTO;ITEM INATIVO UTILIZAR MODELO C5761E-CTO
9645G-CTO;CONSERTO - AGCO - BRACADEIRA - UNISOFT 1003 AZUL - CONF1;C9645G-CTO;ITEM INATIVO UTILIZAR MODELO C9645G-CTO
6621L-CTO;CONSERTO - AKER - CAMISETA POLO MC - MALHA PIQUET PA 078 VERM - CONF1;C6621L-CTO;ITEM INATIVO UTILIZAR MODELO C6621L-CTO
6806L-CTO;CONSERTO - AKER - CAMISETA POLO MC - MALHA PIQUET PA 078 VERM - CONF1;C6806L-CTO;ITEM INATIVO UTILIZAR MODELO C6806L-CTO
5073E-CTO;CONSERTO - ALIBEM - JAQUETA RETARD - UNISAFE SLIM FR 1014 AZ - CONF1;C5073E-CTO;ITEM INATIVO UTILIZAR MODELO C5073E-CTO
5902E-CTO;CONSERTO - CAAL - JAQUETA - CEDROPAC II 5228  MARINHO - CONF1;C5902E-CTO;ITEM INATIVO UTILIZAR MODELO C5902E-CTO
5723E-CTO;CONSERTO - CATALLINI - PARKA - UNIFORTE 1244 MARINHO - CONF1;C5723E-CTO;ITEM INATIVO UTILIZAR MODELO C5723E-CTO
1434K-CTO;CONSERTO - DEVICE - CALCA ELAST TOTAL - SARJA 250GR 8260 CINZA - CONF1;C1434K-CTO;ITEM INATIVO UTILIZAR MODELO C1434K-CTO
9734G-CTO;CONSERTO - LAB DA MODA - SUETER GOLA V MASC - 100% ACRIL PTO - CONF1;C9734G-CTO;ITEM INATIVO UTILIZAR MODELO C9734G-CTO
9892G-CTO;CONSERTO - MAXSUL - TOUCA - DOPTEL - 001-2123 VERDE - CONF1;C9892G-CTO;ITEM INATIVO UTILIZAR MODELO C9892G-CTO
6615M-CTO;CONSERTO - NB - CAMISETA GOLA POLO MC - PIQUET PV 804 PRETO  - CONF1;C6615M-CTO;ITEM INATIVO UTILIZAR MODELO C6615M-CTO
6190I-CTO;CONSERTO - PAEMA - CAMISETA GOLA V ML - POLIVISCOSE 016 AZ MAR - CONF1;C6190I-CTO;ITEM INATIVO UTILIZAR MODELO C6190I-CTO
5157E-CTO;CONSERTO -CENCI - JAQUETA FEM - NYLON 100  COSTURA 5 X 5 16 PT - CONF1;C5157E-CTO;ITEM INATIVO UTILIZAR MODELO C5157E-CTO
5769E;EXATRON - JAQUETA MASC - NYLON 100  COSTURA 5 X 5 33 AZ MARINHO- CONF1;C5769E;ITEM INATIVO UTILIZAR MODELO C5769E
9546G;GERMAC - SUETER GOLA V MASC - 50 ACRI 50 ALG - 9431-9 - MARI - CONF1;C9546G;ITEM INATIVO UTILIZAR MODELO C9546G
9582G;ITEM INATIVO UTILIZAR MODELO C9582G;C9582G;ITEM INATIVO UTILIZAR MODELO C9582G
9562C-LOG;LOGOTIPIA - AVENTAL  - CENTRAL COMBUSTIVEIS - CONF;C9562C-LOG;ITEM INATIVO UTILIZAR MODELO C9562C-LOG
4108ZZ-LOG;LOGOTIPIA - CAMISETA GOLA POLO MC - CAIXA - CHARRUA;C4108ZZ-LOG;ITEM INATIVO UTILIZAR MODELO C4108ZZ-LOG
9092E-LOG;LOGOTIPIA - CENCI - SUETER GOLA V FEM - 50 ACR 50 ALG - AZUL - CONF1;C9092E-LOG;ITEM INATIVO UTILIZAR MODELO C9092E-LOG
3058C-LOG;LOGOTIPIA - CENCI EXTINTORES - GUARDA PO ML - OK;C3058C-LOG;ITEM INATIVO UTILIZAR MODELO C3058C-LOG
3950E-LOG;LOGOTIPIA - FUTURE - GUARDA PO ML - PRODUCAO - OK;C3950E-LOG;ITEM INATIVO UTILIZAR MODELO C3950E-LOG
9229D-LOG;LOGOTIPIA - GARAGEM SIQUEIRA - MOLETOM MASC - CONF;C9229D-LOG;ITEM INATIVO UTILIZAR MODELO C9229D-LOG
4164A-LOG1;LOGOTIPIA - IMPERBRAS - MACACAO - CONF;C4164A-LOG1;ITEM INATIVO UTILIZAR MODELO C4164A-LOG1
4164A-LOG;LOGOTIPIA - IMPERBRAS - MACACAO MC - CONF;C4164A-LOG;ITEM INATIVO UTILIZAR MODELO C4164A-LOG
1479E-LOG1;LOGOTIPIA - LEX - CALCA MEIO ELAST - CONF;C1479E-LOG1;ITEM INATIVO UTILIZAR MODELO C1479E-LOG1
1129G-LOG1;LOGOTIPIA - LIQUIGAS - BERM MOD JEANS MASC - UNITEX 5064 VERDE - CONF;C1129G-LOG1;ITEM INATIVO UTILIZAR MODELO C1129G-LOG1
3716A-LOG1;LOGOTIPIA - MADEM - GUARDA PO ML - CONF;C3716A-LOG1;ITEM INATIVO UTILIZAR MODELO C3716A-LOG1
4284A-LOG1;LOGOTIPIA - POSTO CASEIROS - MACACAO ML - CONF;C4284A-LOG1;ITEM INATIVO UTILIZAR MODELO C4284A-LOG1
9727C-LOG;LOGOTIPIA - POSTO SERRA GAUCHA - MOLETOM FEMININO - FELPADO 10 - CONF;C9727C-LOG;ITEM INATIVO UTILIZAR MODELO C9727C-LOG
4898B-LOG;LOGOTIPIA - RELISE - MACACAO ML RETARD - UNIFORTE FR 1232 LAR - CONF1;C4898B-LOG;ITEM INATIVO UTILIZAR MODELO C4898B-LOG
2461H-LOG;LOGOTIPIA - SETA - CAMISA ML RETARD CHAMAS UNISAFE 1018 AZ MAR - CONF;C2461H-LOG;ITEM INATIVO UTILIZAR MODELO C2461H-LOG
4913B-LOG;MACSEAL - MACACAO ML RETARD CH - UNIFORTE FR 1232 LARANJA - CONF1;C4913B-LOG;ITEM INATIVO UTILIZAR MODELO C4913B-LOG
5808E;MASCARELLO -  JAQUETA - NYLON 100 COST 26010 PRETO - CONF1;C5808E;ITEM INATIVO UTILIZAR MODELO C5808E
5842E-EXGG;MASCARELLO -  JAQUETA - NYLON 100 COST 26010 PRETO - CONF1;C5842E-EXGG;ITEM INATIVO UTILIZAR MODELO C5842E-EXGG
5809E;MASCARELLO -  JAQUETA FEM - NYLON 100 COST 26010 PRETO - CONF1;C5809E;ITEM INATIVO UTILIZAR MODELO C5809E
9549G-G;MASCARELLO - BRACADEIRA - NEOPLEX 2MM AMARELO - CONF1;C9549G-G;ITEM INATIVO UTILIZAR MODELO C9549G-G
9549G-M;MASCARELLO - BRACADEIRA - NEOPLEX 2MM AMARELO - CONF1;C9549G-M;ITEM INATIVO UTILIZAR MODELO C9549G-M
9549G-P;MASCARELLO - BRACADEIRA - NEOPLEX 2MM AMARELO - CONF1;C9549G-P;ITEM INATIVO UTILIZAR MODELO C9549G-P
5850E-EGG;MASCARELLO - JAQUETA FEM - NYLON 100  COSTURA 5 X 5 16 PRETA - CONF1;C5850E-EGG;ITEM INATIVO UTILIZAR MODELO C5850E-EGG
5850E-EXGG;MASCARELLO - JAQUETA FEM - NYLON 100  COSTURA 5 X 5 16 PRETA - CONF1;C5850E-EXGG;ITEM INATIVO UTILIZAR MODELO C5850E-EXGG
5850E-PP;MASCARELLO - JAQUETA FEM - NYLON 100  COSTURA 5 X 5 16 PRETA - CONF1;C5850E-PP;ITEM INATIVO UTILIZAR MODELO C5850E-PP
6283H;MASTER - CAMISETA GOLA POLO MC - MALHA PIQUET PA 178 VERM - CONF1;C6283H;ITEM INATIVO UTILIZAR MODELO C6283H
5352E;PHILIP MORRIS JAQUETA MASC - NYLON 100  COSTURA 5 X 5 16 PRETA - CONF1;C5352E;ITEM INATIVO UTILIZAR MODELO C5352E
9044D;POSTO FLORIDO - AVENTAL - UNIFORTE 1029 AMARELO - CONF;C9044D;ITEM INATIVO UTILIZAR MODELO C9044D
9980D;PRASTELA - SUETER GOLA V FEM LA 100% ACRILICO 1 FIO AZ MAR - CONF1;C9980D;ITEM INATIVO UTILIZAR MODELO C9980D
1604H;RANDON - CALCA ELAST TOTAL -  UNIFORTE 1013 VERMELHO  - CONF1 - AA;C1604H;ITEM INATIVO UTILIZAR MODELO C1604H
3271H-LOG;RANDON - JALECO ML - DEFESA INTERNA - UNILEVE 1013 VERMELHO - CONF1;C3271H-LOG;ITEM INATIVO UTILIZAR MODELO C3271H-LOG
9771C;SCA - COLETE GOLA V - UNILEVE 1002 CINZA - CONF;C9771C;ITEM INATIVO UTILIZAR MODELO C9771C
00552ZZ;SINDUS -  CAMISETA GOLA POLO MC - PIQUET PA 130 MARINHO;C00552ZZ;ITEM INATIVO UTILIZAR MODELO C00552ZZ
00546ZZ;SINDUS - CALCA TECIDO JEANS MEIO ELAS MASC - JEANS BELLATRIX;C00546ZZ;ITEM INATIVO UTILIZAR MODELO C00546ZZ
2549M;SINDUS - CAMISA ADM ML - TRICOLINE  CANNES 003-01 BRANCO - CONF1;C2549M;ITEM INATIVO UTILIZAR MODELO C2549M
00549ZZ;SINDUS - CAMISA OPER ML - CEDROMIX 5 OZ 5437 AZUL;C00549ZZ;ITEM INATIVO UTILIZAR MODELO C00549ZZ
5872E;SORVELANDIA - JAQUETA FEM - NYLON 100  COST 5 X 5 16 PRETA - CONF1;C5872E;ITEM INATIVO UTILIZAR MODELO C5872E
