Item;Descrição (Item);Subgrupo (Código);item que tem tipo 2;item 1 que esta em ped
00007ZZ;MUNDIAL - GUARDAPO ML - CONF;300;s;#N/D
00023ZZ;AGRALE - CALCA  ELAST TOTAL PRODUCAO - CITBRIM 8080 CZ - CONF1;107;s;#N/D
00024ZZ;AGRALE - CALCA ELAST TOTAL SOLDADOR - SARJA 250GM 8260 CZA - CONF;107;s;#N/D
00050-CTO;CONSERTO - MUNDIAL - GUARDAPO 3 - 4 MC - CONF;301;s;#N/D
00050ZZ;MUNDIAL - GUARDAPO 3 - 4 MC - CONF;301;s;#N/D
00056ZZ;AGRALE  - CAMISETA GOLA V MC PROD ESP - POLIVIS 039 MESCLA - CONF1;603;s;#N/D
00156ZZ;AGRALE - CAMISETA GOLA V ML PROD ESP - POLIVIS 039 MESCLA - CONF1;603;s;#N/D
00223ZZ;STEMAC - CALCA SOCIAL MASC - UNILESTER 2008 AZ MARINHO - CONF;103;s;#N/D
00224ZZ;00224ZZ - CAMISA SOCIAL OPER MC - STEMAC - OK;205;s;#N/D
00225ZZ;STEMAC - CAMISA SOCIAL ADM ML - UNIOFFICE 3003 AZUL - CONF;205;s;#N/D
00278ZZ;KEPLER - CALCA - UNIFORTE 1014 AZ RY - CONF;101;s;#N/D
00279ZZ;KEPLER - JALECO - CONF;300;s;#N/D
00307ZZ;ALTONA - CALCA COS MEIO ELAST - CONF;101;s;#N/D
00309ZZ;ALTONA - CAMISA ABERTA MC - CONF;200;s;#N/D
00311ZZ;ALTONA - CAMISA ABERTA MC - CONF;200;s;#N/D
00312ZZ;ALTONA - CAMISA  ABERTA ML - CONF;200;s;#N/D
00315ZZ;ALTONA - GUARDA PO MC 3-4 - CONF;301;s;#N/D
00316ZZ;ALTONA - GUARDA PO MC 3-4 - CONF;301;s;#N/D
00317ZZ;ALTONA - GUARDA PO MC - UNILEVE 1021 - CONF;301;s;#N/D
00348ZZ;RANDON - TOUCA PINTOR - UNILEVE 1009 CZ - CONFAA;904;s;#N/D
00358ZZ;CALCA RETART CHAMAS CENCI UNIFORTE FR 1009 CINZA - CONF;109;s;#N/D
00359ZZ;CAMISA RETART CHAMAS CENCI SEM FITA - UNIFORTE FR 1009 CINZA - CONF;209;s;#N/D
00360ZZ;CALCA RETART CHAMAS CENCI SEM FITA - UNIFORTE FR 1014  AZ RY - CONF;109;s;#N/D
00361ZZ;CAMISA RETART CHAMAS CENCI SEM FITA 1014 AZUL;209;s;#N/D
00369ZZ;FRAS-LE - BONE ESP MASC - CONF;907;s;#N/D
00389ZZ;TOUCA MADAL SOLDADOR UNIFORTE VERMELHO 1013;900;s;#N/D
00392ZZ;CALCA RETARD CHAMAS CENCI MEIO ELAST UNISAFE 1009 COM REF VERDE;108;s;#N/D
00393ZZ;CAMISA RETARD CHAMAS ML CENCI UNISAFE 1009 COM REF VERDE;208;s;#N/D
00394ZZ;CALCA RETARD CHAMAS CENCI MEIO ELAST UNISAFE 1014 COM REF VERDE;108;s;#N/D
00395ZZ;CAMISA RETARD CHAMAS ML CENCI UNISAFE 1014 COM REF VERDE;208;s;#N/D
00406ZZ;CALCA CENCI UNF ELAST TOTAL C CORDAO SARJA 250 CINZA 8450 - MOD 107.00;107;s;#N/D
00419ZZ;SCHULZ - CALCA RETARD  MEIO ELAST -  UNIFORTE FR 1021 CAQUI - CONF;109;s;#N/D
00424ZZ;RVT - CAMISA ABERTA ML - UNISOFT 1006 VERDE - CONF;200;s;#N/D
00454ZZ;PRAT K - JALECO ML PRODUCAO - SARJA 202GR 8260 CINZA - CONF1;300;s;#N/D
00455ZZ;PRAT K - JALECO MC PRODUCAO - SARJA 202GR 8260 CZ - CONF;300;s;#N/D
00457ZZ;PRAT K - CAMISETA GOLA RED MC - PV 182 CINZA - CONF1;600;s;#N/D
00458ZZ;TECON - CAMISETA GOLA RED MC - MALHA PV 015 AZUL ROYAL - CONF1;600;s;#N/D
00459ZZ;TECON - CALCA ELAST TOTAL - SARJA 202GR 5280 AZ RY - CONF;107;s;#N/D
00460ZZ;TECON - CAMISA ABERTA ML - SARJA 202GR 5280 AZ RY - CONF;200;s;#N/D
00462ZZ;MET FEY - CALCA MEIO ELAST - UNIFORTE 1019 AZUL - CONF1;101;s;#N/D
00463ZZ;MET FEY - JALECO MC - UNILEVE 1019 AZUL - CONF1;300;s;#N/D
00491ZZ;KEPLER - CAMISA POLO MC - UNILEVE 1013 VERM - CONF;201;s;#N/D
00494ZZ;KEPLER - CAMISETA GOLA RED MC - POLIVISCOSE 034 CAQUI - CONF;600;s;#N/D
00499ZZ;YARA - CALCA  1352H MEIO ELAST - UNITECH 5009 CZA - CONF1;101;s;#N/D
00510ZZ;YARA - CALCA 1371H MEIO ELAST - UNITECH TRAT REP AG QUIM 5009 - CONF1;101;s;#N/D
00511ZZ;YARA - CALCA 1353H MEIO EL RET - UNIFOR FR TRAT REP AG QUI 1018- CONF;109;s;#N/D
00512ZZ;YARA 2279I - CAMISA ABERTA ML - UNIFIT 5024 LARANJA - CONF;200;s;#N/D
00513ZZ;YARA - CAMISA 2300I ABERTA ML - UNIFIT TRAT REP AG QUIM 5024 - CONF1;200;s;#N/D
00514ZZ;YARA - CAMISA 2278I ML RET CHAM - UNIFORTE FR TRAT REP AG QUIMI 1018;208;s;#N/D
00515ZZ;YARA - GUARDA 3554H PO 7-8 ML - UNITEL TRAT REPL AGENT QUIMI 2001 BRAN;301;s;#N/D
00516ZZ;YARA -  JAQUETA - UNITECH  5024 LARANJA - CONF;500;s;#N/D
00517ZZ;YARA -  JAQUETA - UNITECH TRAT REPEL AG QUIM 5024 LARANJA - CONF;500;s;#N/D
00518ZZ;YARA -  JAQUETA 5479D - UNISAFE SLIM  1018 AZUL - CONF1;500;s;#N/D
00519ZZ;YARA -  CAMISETA RED MC - POLIVISCO 905 CZA CONCRETO - CONF;600;s;#N/D
00525ZZ;TECON - CAMISETA GOLA RED MC - POLIVIS 035 AMARELO - CONF1;600;s;#N/D
00527ZZ;DASS - JALECO SEM MANGA - DOPTEL E9265 CINZA - CONF - AA;300;s;#N/D
00544ZZ;MET FEY - BERMUDA MEIO ELAST -  UNIFORTE 1019 AZ - CONF;101;s;#N/D
00546ZZ;SINDUS - CALCA TECIDO JEANS MEIO ELAS MASC - JEANS BELLATRIX;104;s;#N/D
00547ZZ;SINDUS - CALCA RETARD CHAMAS MEIO ELAST - CEDROTECH FR 5228 - CONF1;109;s;#N/D
00548ZZ;SINDUS -  CAMISA OPER MASC MC - CEDROMIX 5 OZ 5437 AZUL;203;s;#N/D
00549ZZ;SINDUS - CAMISA OPER ML - CEDROMIX 5 OZ 5437 AZUL;203;s;#N/D
00550ZZ;SINDUS - CAMISA RETARD CHAMAS ML - CEDROTECH FR 5228 AZ - CONF1;209;s;#N/D
00551ZZ;SINDUS - CAMISA SOCIAL OPER ML - JEANS CAMIS COLIN AZ  VICUNHA;203;s;#N/D
00552ZZ;SINDUS -  CAMISETA GOLA POLO MC - PIQUET PA 130 MARINHO;602;s;#N/D
00554ZZ;CAMISETA POLO MC -  PIQUET PA 001 BCO;602;s;#N/D
00555ZZ;BABY LOOK GOLA POLO MC -  001 BCO;602;s;#N/D
00560ZZ;CATTALINI CALCA JEANS ELAST TOT OPER  -  UNIFORTE 1016 PRETO;100;s;#N/D
00567ZZ;ARCO GAS - CALCA COS MEIO ELAST - POLYCEDROBRIM SUPER 8047 CZ;101;s;#N/D
00568ZZ;ALTONA - CALCA MEIO ELAST - UNIVERSAL 1244 MARINHO;101;s;#N/D
00571ZZ;ANDRADE GUTIERREZ - CAMISETE OPER ML - UNIOFFICE CAM 3017 AZUL - CONF1;204;s;#N/D
00575ZZ;ARCO GAS - CAMISETA POLO MC - PIQUET PA 093 AZ RY - CONF;602;s;#N/D
00581ZZ;ANDRADE GUTIERREZ - CALCA  JEANS MASC - JEANS IGOR;104;s;#N/D
00582ZZ;ANDRADE GUTIERREZ - CALCA  JEANS FEM - JEANS IGOR;104;s;#N/D
00615ZZ;CORTEVA - CALCA MEIO ELAST FEM - POLYCEDROLEVE 8047 CZ - AA;101;s;#N/D
00617ZZ;CORTEVA -  CAMISETA GOLA RED ML - ALG 30-1CARD 027 TURQUESA - CONF1AA;600;s;#N/D
00627ZZ;CORTEVA -  CAMISETA GOLA RED MC - POLIVIS 041 LARANJA - CONF1AA;600;s;#N/D
00628ZZ;CALCA CENCI UNF ELAST TOTAL C CORDAO SARJA 250GM 5280 AZ RY MOD 107.00;107;s;#N/D
00630ZZ;CORTEVA -  CAMISETA GOLA RED ML - POLIVIS 041 LARANJA - CONF1A;600;s;#N/D
00634ZZ;CORTEVA - CALCA ELAST TOTAL - CAMPO - DOPTEL 001-9118 STORM - CONF1;100;s;#N/D
00635ZZ;MACACAO ML RETARD CH - CEDROTECH 2063 LARANJA - CA 45342;400;s;#N/D
00636ZZ;MACACAO ML RETARD CH - UNIFORTE FR 1232 LARANJA - CA 36409;400;s;#N/D
00639ZZ;CAMISA RETART CHAMAS CEDROTECH  FR  AZUL ROYAL COM FITA CA 31059;208;s;#N/D
00640ZZ;STAHL -  MACACAO RETARD ML - CEDROTECH  FR 5228 MARINHO - CONF1AA;408;s;#N/D
00643ZZ;CATTALINI -  PARKA FEM - NYLON PARAQ 16 MARINHO - CONF1;501;s;#N/D
00644ZZ;CATTALINI -  PARKA - NYLON PARAQ 16 MARINHO - CONF1;501;s;#N/D
00648ZZ;ESTRUTURAL - MACACAO ML RF RETARD - UNIFORTE FR 1232 LARANJA - CONF1;409;s;#N/D
00680ZZ;RIO GRANDE - CALCA ELAST TOTAL C CORDAO - SARJA 202GR 8260 CZ - CONF1;107;s;#N/D
00681ZZ;RIO GRANDE - CAMISA POLO MC - SARJA 202GR 8260 CZA - CONF1;201;s;#N/D
00682ZZ;RIO GRANDE - JALECO ML - SARJA 202GR 8260 CINZA - CONF1;300;s;#N/D
1009J;RANDON - CALCA ELAST TOTAL - MED ESP - UNIFORTE 1003 AZ CEL - CONF1;107;s;#N/D
1019I;ALIBEM - CALCA ELAST TOTAL - UNILESTER SOFT 1001 BRANCO - CONF1;107;s;#N/D
1019J;MUNDIAL - CALCA COS INTEIRO FEM - CEDRO RIP STOP 2016 PRTO - CONF1;102;s;#N/D
1025H;AGUIA SISTEMAS - CALCA MEIO ELASTICO - CEDROPAC II 5228 AZ MAR - CONF1;101;s;#N/D
1029K;DIGIPLAN - CALCA ELAST TOTAL RETARD - CEDROTECH GR 8047 CZ -  CONF1;109;s;#N/D
1030K;ALTONA - CALCA COS MEIO ELAST - UNIVERSAL 1021 CAQUI - CONF1;101;s;#N/D
1032J;HOSP GERAL - CALCA  RETARD MEIO ELAST CEDROTECH 8047 CINZA - CONF1;109;s;#N/D
1040K;RRC - CALCA ELAST TOTAL - SARJA LIDER 250GR 8260 CINZA - CONF1;100;s;#N/D
1041K;CBC - CALCA MEIO ELAST RETARD - CEDROTECH FR 5098 AZ RY - CONF1;109;s;#N/D
1042K;THUEDI - CALCA MEIO ELAST - UNILESTER 2002 CINZA - CONF1;101;s;#N/D
1044K;AGRO PERTENCES - CALCA ELAST TOTAL - MED ESP -SARJA 250GR 8260 - CONF1;107;s;#N/D
1047K;ALIBEM - CALCA TERMICA ELASTICO - UNILESTER 2001 BRANCO - CONF1;107;s;#N/D
1058H;VIVIANA ALIMENTOS - CALCA ELAST/T RET - CEDROTECH FR 8048 CZ - CONF1;108;s;#N/D
1062K;SINERGIA - CALCA MEIO ELAST - SARJA 250GR 8260 CINZA - CONF1;101;s;#N/D
1071K;SESI SP - CALCA  MOD JEANS MASC - UNIVERSAL 1244 AZ MAR - CONF1;104;s;#N/D
1072K;L E A INDUSTIRA - CALCA ELAST TOTAL - UNIFORTE 1001 BRANCO - CONF1;107;s;#N/D
1073H;MAXIPLAST- CALCA RETARD CH  MEIO ELAST -  CEDROTECH FR 8047 CZ - CONF1;109;s;#N/D
1074H;MAXIPLAST- CALCA RETARD CH  MEIO ELAST -  CEDROTECH FR 8047 CZ - CONF1;109;s;#N/D
1075H;MAXIPLAST- CALCA RETARD CH  MEIO ELAST -  CEDROTECH 8047 CZ - CONF1;109;s;#N/D
1079J;WHIRPOOL - CALCA MEIO ELAST - MED ESP -UNISAFE SLIM 1014 AZ RY - CONF1;109;s;#N/D
1082H;CASAN - CALCA MEIO ELAST - CEDROPAC 4360 VERDE - CONF1;101;s;#N/D
1082ZZ;BR MANIA - JAQUETA MASC - SEM FIBRA - CONF;500;s;#N/D
1083I;DOW BRASIL- CALCA RETARD CHAMAS MEIO ELAST - CEDROTECH FR 5098 - CONF1;109;s;#N/D
1089J;COTRISUL - CALCA MEIO ELAST RETARD - CEDROTECH 8047 CINZA - CONF1;109;s;#N/D
1098K;TECNOVIN - CALCA ELAST TOTAL - CEDROTECH FR 5098 AZ RY - CONF1;109;s;#N/D
1105G;POSTO MARINHO - CALCA SOCIAL MASC - UNILESTER PLUS 2018 AZ - CONF;103;s;#N/D
1106K;VIEMAR - CALCA ELAST TOTAL  - SARJA 202GR 8260 CINZA - CONF1;107;s;#N/D
1109H;TORRECID - CALCA RETARD CH  ELAST T -  CEDROTECH 5228 AZ MR - CONF1;109;s;#N/D
1111E;CORD DE SANTANA - CALCA ELAST TOTAL - UNIFORTE 1015 VERDE - CONF;100;s;#N/D
1116ZZ;CAMISETA GOLA REDONDA MC LUBRAX MAIS - OK;600;s;#N/D
1117ZZ;PETROBRAS - JALECO MC LUBRAX MAIS - CONF;300;s;#N/D
1122F;FRAS LE - CALCA ELAST T C CORDAO ESPEC - UNIFORTE 1003 AZ - C0NF;107;s;#N/D
1128J;REALIZ - CALCA ELAST TOTAL - SARJA LIDER 250GR 8260 CINZA - CONF1;107;s;#N/D
1133ZZ;PETROBRAS - JALECO RODOVIARIO MC - UNILEVE 1009 CINZA - CONF;300;s;#N/D
1136G;POSTO ALPA -  CALCA MEIO ELAST FEM- UNILESTER SOFT 2016 PTO - CONF1;101;s;#N/D
1136I;COMB HUBERT -  BERM MEIO ELAST - UNILESTER SOFT 2016 PRETO - CONF1;111;s;#N/D
1143K;COAMO - CALCA RETARD ELAST - MED ESP - CEDROTECH FR 5098 AZ RY- CONF1;109;s;#N/D
1161K;WEG - CALCA ELAST TOTAL - CEDROTECH FR 8047 CZ - CONF1;109;s;#N/D
1165F;CENCI - CALCA MEIO ELAST MOTORISTA  - UNIFORTE 1009 CINZA - CONF;101;s;#N/D
1165K;NB - CALCA RETAR METAL LIQUIDO MEIO ELAST - UNIPOWER 1018 MARI - CONF1;150;s;#N/D
1168C;POSTO DO GALO - CALCA - UNIFORTE 1009 - CONF;107;s;#N/D
1181G;MINUANO ALIM - CALCA RETARD MEIO ELAST - UNIFORTE FR 1014 AZ RY - CONF;109;s;#N/D
1183I;ADAMI - CALCA MEIO ELAST RETARD - UNIFORTE FR 1008 AZ - CONF01;108;s;#N/D
1186J;FUNDIMISA - CALCA ELAST TOTAL METAL LIQ - MERCURIO 5228 MARINH - CONF1;150;s;#N/D
1196J;EC PROJ - CALCA MEIO ELAST RETAR CHAM UNISAFE SLIM 1009 CZ - CONF1;108;s;#N/D
1202H;KEPLER - CALCA  JEANS MASC - JEANS IGOR 100% 10 OZ - CONF1;104;s;#N/D
1203I;MINAS BR - CALCA SOCIAL FEM - UNILESTER PLUS 2050 CZ - CONF1;106;s;#N/D
1206J;POSTO RADAR - CALCA ELAST TOTAL - POLYCEDROBRIM 5136 AZUL - CONF1;100;s;#N/D
1210F;BERTOLINI - CALCA  RETARD CHAMAS MEIO ELAST - UNIFORTE FR 1009  - CONF;109;s;#N/D
1249H;RUDINICK - CALCA ELAST TOTAL - UNITEX 5018 AZUL MARINHO - CONF1;101;s;#N/D
1261G;MASCARELLO - CALCA ELAST TOTAL -  UNIVERSAL 1414 AZ RY - CONF1AA;100;s;#N/D
1298F;SANEP - CALCA E/TOTAL C CORDAO - SARJA LIDER 250 GM 5280 AZ RY - CONF1;107;s;#N/D
1302J;PETROBRAS - CALCA PISTA/GER/FRENT GESTANTE - UNILESTER 2050 CZ - CONF1;101;s;#N/D
1307E;MEGA WATTS - CALCA MEIO ELAST RETARD CHAMAS - CEDROTECH 5228 AZ - CONF;109;s;#N/D
1307I;RAROZ - CALCA MEIO ELAST RETARD - CEDROTECH 8047 CINZA - CONF1;109;s;#N/D
1343G;SPONCHIADO - CALCA MEIO ELAST - UNILESTER POLI 2002 CINZA - CONF1;101;s;#N/D
1351K;PLASZOM - CALCA ELAST TOTAL - MALHA COLEGIAL FIACAO 03 AZ RY - CONF1;107;s;#N/D
1353H;YARA - CALCA ELAST TOTAL RETAR - UNIFORTE FR TRAT 1018  - CONF;108;s;#N/D
1361D;SERRANA - CALCA MEIO ELAST - UNIFORTE 1006 - CONF;101;s;#N/D
1374I;NELSON - CALCA RETARD MEIO ELAST - UNIFORTE FR 1014 AZ RY - CONF1;109;s;#N/D
1377G;MUN FRAIBURGO - CALCA ELAST T C CORDAO - SARJA 250GR 5280 AZ RY -CONF1;107;s;#N/D
1385G;AGRA - CALCA ELASTICO TOTAL RETARD - CEDROTECH FR 5098 AZ RY - CONF1;109;s;#N/D
1389I;SETA - CALCA ELAST TOTAL - CEDROLEVE SUPER 8053 VERDE - CONF1;107;s;#N/D
1390I;POSTO ORIGEM - CALCA MEIO ELAST - UNITECH 5016 PRETO - CONF1;101;s;#N/D
1393K;RANDON - CALCA ELAST TOTAL - MED ESP - UNIFORTE 1003 AZ CEL- CONF1;107;s;#N/D
1397K;JAIC AUTO POSTO - CALCA ELAST TOT - SARJA 250GR 5280 AZ RY - CONF1;107;s;#N/D
1400B;CEEE - CALCA COS MEIO ELAS - UNIFORTE 1009 CINZA - CONF;101;s;#N/D
1402I;BIOGENESE - CALCA MEIO ELAST -  UNIFORTE 1009 CZA - CONF1;101;s;#N/D
1403K;JAIC - CALCA ELAST TOTAL - UNITECH 5001 BRANCO - CONF1;107;s;#N/D
1425K;KURITA - CALCA MEIO ELAST RETARD - UNIFORTE FR 1018 MARINHO - CONF1;109;s;#N/D
1427K;TFG - CALCA ELAST TOTAL - UNIFORTE 1016 PTO - CONF1;107;s;#N/D
1428D;FIBRAPLAC - CALCA COS INTEIRO - TECHNO RIP STOP 723 BEGE - CONF;102;s;#N/D
1432K;MARFRIG - CALCA MEIO ELAST - UNILESTER 2001 BRANCO - CONF1;101;s;#N/D
1436H;EATON - CALCA MOD JEANS MEIO ELAS MASC - CEDROPAC II 8047 CZ - CONF1AA;104;s;#N/D
1437J;POSTO COMB APOLO 3 - CALCA ELAST TOTAL - PIED POULE - CONF1;100;s;#N/D
1443K;PREF DE JAHU - CALCA COS INTEIRO FEM - UNILESTER 2016 PTO - CONF1;102;s;#N/D
1447I;ALIBEM - CALCA ELAST TOTAL RETARD - CEDROTECH FR 5098 AZ RY - CONF1;109;s;#N/D
1457K;INCOFIOS - CALCA RETARD CHAMAS - CEDROTECH  FR 8047 CZ - CONF1;109;s;#N/D
1458E;MARQUETTO - CALCA MOD JEANS FEM - POLYCEDRO BRIM 4617 VERDE - CONF1;105;s;#N/D
1465I;RECILA - CALCA ELAST TOTAL - UNILEVE 1016 PRETO - CONF1;107;s;#N/D
1469K;CAPAL - CALCA ELAST TOTAL - SARJA 250GR 6088 VERDE - CONF1;107;s;#N/D
1476J;ALIANCA - CALCA MEIO ELAST - UNIFORTE 1002 CZA - CONF1;101;s;#N/D
1479K;MS - CALCA MEO ELAST FEM - UNILESTER 2050 CZ - CONF1;101;s;#N/D
1486I;ALIBEM - CALCA ELASTICO TOTAL RETARD - UNISAFE SLIM FR 1014 AZ - CONF1;109;s;#N/D
1487K;SINDUS - CALCA COS INTEIRO - POLYCEDROBRIM 5228 MARINHO - CONF1;102;s;#N/D
1488I;MOA - CALCA JEANS MASC - JEANS IGOR 10OZ - CONF1;104;s;#N/D
1488J;POSTO MARTINEZ - CALCA MEIO ELAST - UNILESTER SOFT 2050 CZ - CONF1;102;s;#N/D
1492F;BOTUCARAI - CALCA ELAST TOTAL - UNILEVE 1002 CINZA - CONF;100;s;#N/D
1492K;PREF IBIRAMA - CALCA ELAST TOTAL C CORDAO -SARJA LIDER 8260 CZ - CONF1;107;s;#N/D
1493K;CISAMVI - ELAST TOTAL COM CORDAO - UNIVERSAL 1021 CAQUI - CONF1;107;s;#N/D
1494K;PLANENG - CALCA ELAST TOTAL RETARD - UNIFORTE FR 1018 MARINHO - CONF1;108;s;#N/D
1497B;COMB SILVEIRA - CALCA MEIO ELAST - UNIFORTE 1043 VERD - CONF1;101;s;#N/D
1498J;FRAS LE - CALCA ELAST TOTA L - MED ESP - UNIFORTE 1003 AZ CEL- CONF1;107;s;#N/D
1500I;SANEP - CALCA MEIO ELAST - CEDROTECH C REFLE VERD - 8047 CINZA - CONF1;108;s;#N/D
1500ZZ;PETROBRAS - CALCA MEIO ELAST - UNILESTER SOFT 2050 CINZA - CONF1;101;s;#N/D
1501F;ALIBEM - CALCA ELASTICO TOTAL RETARD - UNISAFE SLIM FR 1014 AZ - CONF;109;s;#N/D
1501I;ALL4LABELS  - CALCA MEIO ELAST RETAR - UNISAFE SLIM 1018 MARIN - CONF1;108;s;#N/D
1502ZZ;PETROBRAS - CAMISA OPER MC - UNICOMFORT FLEX 6222 VERDE - CONF1A;203;s;#N/D
1503K;BNO COMERCIO  - CALCA MEIO ELAST - UNITECH 5053 CINZA - CONF1;101;s;#N/D
1504ZZ;PETROBRAS - JAQUETA FRENT/GERENTE UNISSEX - UNILETER 2261 VD - CONF1;500;s;#N/D
1505K;IRMAOS - CALCA RETARD MEIO ELAST - CEDROTECH FR 5098 AZ RY - CONF1;108;s;#N/D
1505ZZ;PETROBRAS - MOLETON FRENT/GERENTE UNISSEX - FELPADO VERDE  - CONF1;914;s;#N/D
1506ZZ;PETROBRAS - CAMISA GERENTE PISTA MASC MC - UNICOMFORT 6223 VD - CONF1A;203;s;#N/D
1507ZZ;PETROBRAS - CAMISA OPER ML - UNICOMFORT FLEX 6223 VD BANDEIRA - CONF1;203;s;#N/D
1511K;SETUP - CALCA MEIO ELAST - UNIFORTE 1009 CZ - CONF1;101;s;#N/D
1512ZZ;PETROBRAS - CAMISA FRENT SIGA BEM MASC MC - UNICOMFORT 6222 VD - CONF1;203;s;#N/D
1513K;CHARRUA - BERMUDA MEIO ELAST - UNILESTER SOFT 2050 CINZA - CONF1;100;s;#N/D
1513ZZ;PETROBRAS - CAMISETE FRENT SIGA BEM MC - UNICOMFORT 6222 VD - CONF1A;204;s;#N/D
1515K;PARATI - CALCA ELAST TOTAL - RETARD CHAMAS - CEDROTECH 5098 AZ - CONF1;108;s;#N/D
1516ZZ;PETROBRAS - CAMISA LUBRAX MASC MC - UNICOMFORT 6222 VD - CONF1A;203;s;#N/D
1517K;MJ - CALCA COS INTEIRO - 100%PES PVC REP 04 AZ RY - CONF1;102;s;#N/D
1519F;ENGEPAN - CALCA RETARD CHAMAS MEIO ELAST UNIFORTE FR 1009 CZ - CONF;109;s;#N/D
1524H;DASAN - CALCA RETART CHAMAS MED ESPECIAL - UNIFORTE FR 1009 CZA - CONF;109;s;#N/D
1524ZZ;PETROBRAS - CAMISETE GERENTE PISTA ML - UNICOMFORT 6223 VD - CONF1;204;s;#N/D
1525ZZ;PETROBRAS - CAMISETE GERENTE PISTA  MC - UNICOMFORT 6223 VD - CONF1A;204;s;#N/D
1526ZZ;PETROBRAS - CAMISA ATEND PISTA MASC ML - UNICOMFORT 6222 VD - CONF1;203;s;#N/D
1532J;HELEVAR - CALCA RETARD MEIO ELAST - CEDROTECH 5098 AZ RY - CONF1;109;s;#N/D
1532K;AKER SOLUTIONS - CALCA ELAST TOTAL - POLICEDROBRIM SUPER 1052  - CONF1;107;s;#N/D
1533J;PREF DE CONCORDIA - CALCA COS INT - CEDRO RIP STOP 2018 AZ - CONF1;102;s;#N/D
1535K;GRAMADO TERMAS- BER SOCIAL FEM DOPTEL PLUS 001-1223-BLUE NIGHT CONF1;116;s;#N/D
1536ZZ;PETROBRAS - MOLETON LUBRAX/GERENTE UNISSEX - FELPADO VERDE  - CONF1;914;s;#N/D
1540ZZ;PETROBRAS - CAMISETE LUBRAX MC - UNICOMFORT 6222 VD - CONF1A;204;s;#N/D
1546K;SUSPENSYS - BERMUDA MEIO ELAS MASC - UNIFORTE 1003 AZ CELESTE - CONF1;111;s;#N/D
1547F;AUTOMASAFETY - CALCA  RETARD CHAMAS - CEDRETECH 8047 CINZA - CONF;109;s;#N/D
1548K;CROSS - CALCA MEIO ELAST RETARD - CEDROTECH 8047 CINZA - CONF1;108;s;#N/D
1558F;MINUANO ALIM - CALCA RETARD MEIO ELAST - CEDROTECH 8047 CINZA - CONF;109;s;#N/D
1559J-CTO;CONSERTO - NB - CALCA MOD JEANS FEM - JEANS IGOR VICUNHA -  CONF1;105;s;#N/D
1560ZZ;PETROBRAS - JAQUETA LUBRAX UNISSEX - UNILETER 2261 VD - CONF1;500;s;#N/D
1561J-CTO;CONSERTO - NB - CALCA MEIO ELAST MASC -  JEANS IGOR VICUNHA -  CONF1;101;s;#N/D
1561ZZ;PETROBRAS - JAQUETA FRENT SIGA BEM UNISSEX - UNILESTER 2261 VD - CONF1;500;s;#N/D
1564J;SEG AUTOMOTIVE - CALCA MEIO ELAST - UNISAFE SLIM 1021 CAQI - CONF1;109;s;#N/D
1568ZZ;PETROBRAS - CAMISA ATEN BR MANIA MASC MC - UNICOMFORT 6225 VD - CONF1A;203;s;#N/D
1570ZZ;PETROBRAS - CAMISETE GER BR MANIA MC - UNICOMFORT 6223 VD - CONF1A;204;s;#N/D
1572J;MARCOS - CALCA ELAST TOTAL - UNIFORTE 1009 CINZA - CONF1;107;s;#N/D
1572ZZ;PETROBRAS - CAMISA GER BR MANIA MASC MC - UNICOMFORT 6223 VD - CONF1A;203;s;#N/D
1576ZZ;PETROBRAS - CALCA ATEND BR MANIA MASC - UNIMAX 5421 CAQUI - CONF1;101;s;#N/D
1580ZZ;PETROBRAS - CALCA ATEND BR MANIA FEM - UNIMAX 5421 CAQUI - CONF1;101;s;#N/D
1583K;JLL - CALCA COS INTEIRO - UNIVERSAL 1414 AZUL ROYAL - CONF1;102;s;#N/D
1584K;MARCOPOLO - CALCA ELAST TOTAL - UNIVERSAL 1414 AZ RY - CONF1;107;s;#N/D
1586J;TUPY - CALCA MEIO ELAST RETARD CH - CEDROTECH FR 1052 VERMELHO - CONF1;108;s;#N/D
1586ZZ;PETROBRAS - CAMISETE OPER MC - UNICOMFORT FLEX 6225 VD LIMAO - CONF1A;204;s;#N/D
1589K;ECOFAR - CALCA ELAST TOTAL C CORDAO - UNIVERSAL 1414 AZ RY - CONF1;107;s;#N/D
1592J;RECH - CALCA ELAST TOTAL - SARJA 250GR 5280 AZ RY - CONF1;107;s;#N/D
1596J;POSTO TIMBOZAO - CALCA JEANS MASC - UNITECH 5008 MARINHO - CONF1;104;s;#N/D
1597E;TECNOVIN - CALCA ELAST TOTAL RETARD - CEDROTECH 5098 AZ RY - CONF;109;s;#N/D
1598J;JA DE MATOS - CALCA ELAST TOTAL - SARJA 250 CINZA 8260 CINZA - CONF1;107;s;#N/D
1600D;BELLA DONA - CALCA ELAST TOTAL - UNILESTER 2008 AZ MARINHO - CONF;100;s;#N/D
1608H;TEVERE - CALCA ELAST TOTAL RETARD CHAMAS - CEDROTECH FR 5228  - CONF1;108;s;#N/D
1615K;FOZ STARS - BERM ELAST TOTAL - UNIVERSAL 1010 EBGE - CONF1;117;s;#N/D
1621F;MULTIPETRO - CALCA MEIO ELAST - UNIVERSAL 1244  AZ MARINHO - CONF1;101;s;#N/D
1622I;HOERLLE E ASSUMPCAO - CALCA MEIO ELAST - UNILESTER 2002 C - CONF1;101;s;#N/D
1635H;COMB. FT - CALCA MEIO ELAST - POLYCEDROBRIM SUPER 4617 VERDE;101;s;#N/D
1637J;MAREL - CALCA MEIO ELAST RETARD - UNIFORTE FR 1014 AZ RY - CONF1;109;s;#N/D
1646K;PREF TEUTONIA - ELAST TOTAL CORD LISA - UNILESTER POLI 2001 BC - CONF1;107;s;#N/D
1648J;BUSCHLE - CALCA MEIO ELAST RETAR CHAM CEDROTECH FR 8047 CZ - CONF1;108;s;#N/D
1652J-CTO;CONSERTO - LLC - CALCA ELAST TOTAL - SARJA LIDER 250GR 5280 AZ - CONF1;100;s;#N/D
1668I;ALTHERIA  - CALCA MEIO ELAST RETARD CEDROTECH 8047 CZ - CONF1;108;s;#N/D
1669J;CENCI - CALCA ELAST TOTAL C CORDAO - CEDROTECH 5228 AZ - CONF1;107;s;#N/D
1684K;POSTO ZOOLOGICO - CALCA SOCIAL FEM - UNILESTER 2050 CZ - CONF1;106;s;#N/D
1686J;PLASTRELA - CALCA ELAST TOTAL - CEDROTECH 8047 CINZA - CONF1;109;s;#N/D
1689E;CARRARO - CALCA  ELAST T C CORDAO RETARD CHAMAS CEDROTECH 5098 - CONF;109;s;#N/D
1703K;COSMA DO BRASIL - CALCA RETARD MEIO ELAST - CEDROTECH  FR 5228 - CONF1;109;s;#N/D
1705J;CONTITECH - CALCA ELAST TOTAL CORDAO - NYLON PARAQ 16 MAR - CONF1;107;s;#N/D
1706K;ROTENGE - CALCA ELAST TOTAL - SARJA 250GR 8260 CINZA - CONF1;100;s;#N/D
1717J;AKER SOLUTIONS  - CALCA  RETARD - CEDROTECH FR 1052 VERM - CONF1;109;s;#N/D
1721J-CTO;CONSERTO - NB MAQUINAS - CALCA MEIO EL RETAR - UNIFORTE FR 1014 AZ RY;109;s;#N/D
1728K;METASA - CALCA MEIO ELAST RETARD CH - CEDROTECH FR 5228 MARI - CONF1;108;s;#N/D
1731K;DOW BRASIL - CALCA MEIO ELAST FEM - CEDROBRIM  SUPER 8053 VD - CONF1;101;s;#N/D
1740F;MARINES - CALCA COS INTEIRO - TECHNO RIP STOP 723 CAQUI - CONF;102;s;#N/D
1742J;POSTO BERTOLINI - CALCA MEIO ELAST MASC - UNILESTER PLUS 2014 - CONF1;101;s;#N/D
1743J;BERTOLINI - CALCA FEMININA - UNILESTER 2014 AZ RY CONF 1;105;s;#N/D
1743K;FRASLE - CALCA MEIO ELAST - CEDROTECH FR 8047 CINZA - CONF1;109;s;#N/D
1746G;MUELLER - CALCA MEIO ELAST RETARD - CEDROTECH 8047 CINZA - CONF1;108;s;#N/D
1747J;POSTO PEROLA - CALCA PISTA FEMININA - UNMAX 5418 AZ CONF 1;105;s;#N/D
1761J;CHARRUA - CALCA MEIO ELAST- UNILESTER SOFT 2050 CZ MOD 4200XX;101;s;#N/D
1763I;BANDEIRANTE - CALCA GERENTE MASC - UNILESTER FIT 2050 CZA - CONF1;103;s;#N/D
1763J;TIROL - CALCA MEIO ELAST RESTARD - CEDROTECH 8047 CINZA - CONF1;109;s;#N/D
1771J;DASAN - CALCA  MEIO ELAST - CEDROTECH 8047 CINZA - CONF1;109;s;#N/D
1777G;VIBRA - CALCA ELAST TOTAL  RETARD - UNIFORTE FR 1014 AZ RY - CONF1;108;s;#N/D
1790J;SGS - CALCA ELAST TOTAL - UNIFORTE TRAT REP AG QUIM 1009 CINZA - CONF1;107;s;#N/D
1791J;SGS - CALCA ELAST TOTAL - MOD FEM - UNIFORTE TRAT QUI 1009 CZ - CONF1;107;s;#N/D
1802I;METALS - CALCA ELAST TOTAL -UNIVERSAL 1008 MARINHO - CONF1;100;s;#N/D
1814E;HP ENGENHARIA - CALCA ELAST TOTAL - CEDROPAC II 5228 Z MAR - CONF1;107;s;#N/D
1817G;REDE MONTEIROS - CALCA SOCIAL FEM - UNILESTER PLUS 2016 PRETO - CONF1;103;s;#N/D
1820J;ARCO GAS - CALCA MEIO ELAST- UNILESTER SOFT 2050 CZ  MOD 4201XX;101;s;#N/D
1829C;JORNADA MET - CALCA MEIO ELAST - SARJA LIDER 8260 CINZA - CONF1;101;s;#N/D
1836J;NEUGEBAUER - CALCA RETARD MEIO ELAST - UNIFORTE FR 10414 AZ RY - CONF1;109;s;#N/D
1856I;GRUPO SETUP - CALCA SOCIAL FEM - OXFORD PRETO - CONF1AA;106;s;#N/D
1859J;UNIMED- CALCA RETARD CHAMAS MEIO ELAST - UNIFORTE  FR 1009 CZ - CONF1;109;s;#N/D
1861J-CTO;CONSERTO - AGROGEN - CALCA ELAST TOTAL - CEDROTECH 8047 CINZA - CONF1;109;s;#N/D
1891E;ALTONA - CALCA COS MEIO ELA - UNIFORT 1021 CAQUI ESPEC - CONF1;101;s;#N/D
1898G;KISNER - CALCA ELAST TOTAL - UNITECH 5006 VERDE - CONF1;107;s;#N/D
1915J;TECMIDIAWEB - CALCA JEANS MASC - IGOR 10OZ AZUL - CONF1;104;s;#N/D
1925J;POSTO VILA - BERMUDA SOCIAL FEM - UNILESTER 2018 MARIN - CONF1;116;s;#N/D
1928H;EATON - CALCA ELAST TOTAL C CORDAO - UNIPACIFIC 1009 CZA - CONF1;107;s;#N/D
1928J;PORTOBELLO - CALCA MEIO ELAST CEDROTECH FR 5228 MARIN - CONF1;109;s;#N/D
1932D;ELETROMAIS - CALCA ANTI CHAMAS -CEDROTECH 5098 AZ RY - CONF1;109;s;#N/D
1947H;RANDON - CALCA ELAST TOTAL - MED ESP - UNIFORTE 1003 AZ CELES - CONF1;107;s;#N/D
1947J;FRIG NOVA ARACA - CALCA RETARD MEIO ELAST - UNISAFE SL 1009 CZ - CONF1;109;s;#N/D
1948J;SANMARTIN - CALCA MEIO ELAST RETARD - UNISAFE SLIM 1018 MARIN - CONF1;109;s;#N/D
1956H;CELESC - CALCA MEIO ELAST - CEDROTECH 8048 CINZA - CONF1AA;108;s;#N/D
1956I;ABAST FROHLICH - CALCA MEIO ELAST - UNITECH 5016 PRETO - CONF1;101;s;#N/D
1971J;PAESE - CALCA ELAST TOTAL - UNIFORTE 1016 PRETO - CONF1;100;s;#N/D
1983J;IGUATEMI - CALCA SOCIAL FEMININO - UNILESTER FIT 2018 MARIN - OCNF1;106;s;#N/D
1987B;NYCO - CALCA MEIO ELAST - UNIFORTE 1014 A ZRY - CONF1;101;s;#N/D
1988I;MICROJUNTAS - CALCA  RETARD CHAMAS MEIO ELAST - CEDROTECH 8047 - CONF1;109;s;#N/D
1996D;TER SAO CIRO - CALCA ELAST TOTAL - UNIFORTE 1014 AZ RY - CONF1;100;s;#N/D
1997J;IRMAOS - CALCA RETARD MEIO ELAST - CEDROTCH FR 8047 CINZA - CONF1;108;s;#N/D
2001M;UNIMED - CAMISA ML RETARD CHAMAS - UNIFORTE FR 1009 CINZA - CONF1;208;s;#N/D
2007M;MS - CAMISA SOCIAL MASC MC - UNICOMFORT 6223 VD - CONF1;203;s;#N/D
2009L;SHOPING CAR - CAMISETE OPER MC - SPAGUETI 004-9127 CZ - CONF1;204;s;#N/D
2010L;SHOPING CAR - CAMISETE OPER ML - SPAGUETI 004-9127 CZ - CONF1;204;s;#N/D
2011G;ALIBEM - CAMISA ML RETARD CHAMAS - UNISAFE SLIM FR 1014 AZ - CONF;209;s;#N/D
2018D;ALE - CAMISA SOCIAL OPER MC - CEDROFIL 5322  AZUL CLARO - CONF;203;s;#N/D
2032G;ENGEPAN - CAMISA ML RETARD CHAMAS UNIFORTE FR CZ REF VD - CONF;208;s;#N/D
2033H;PREF DE CAXIAS - CAMISA ML RETARD UNISAFE 1009 CINZA - CONF;208;s;#N/D
2057H;SPONCHIADO - CAMISA GOLA POLO MC - PROFIT MIX 063-920 CINZA - CONF1;201;s;#N/D
2060G;CENCI - CAMISA OPER ML - UNILEVE 1009 CINZA - CONF;203;s;#N/D
2068M;COTRISUL - CAMISA RETARD CHAMAS ML - CEDROTECH 8047 CZ - CONF1;209;s;#N/D
2071K;SANEP - CAMISA ML CEDROTECH C REFL - 8047 CINZA - CONF1;208;s;#N/D
2075M;SAO CARLOS AR COND - CAMISA ML RETARD - CEDROTECH FR 8059  BE - CONF1;208;s;#N/D
2082E;HP ENGENHARIA - CAMISETE SOCIAL OPER ML - JEANS COLIN 5,4OZ  - CONF1;204;s;#N/D
2098K;POSTO DUTRA - CAMISA SOCIAL OPER  MC - UNISTILL SOFT 6147 VERM - CONF1;203;s;#N/D
2113H;AGRA - CAMISA ML RETARD CHAMAS - CEDROTECH FR 5098  AZ RY - CONF1;209;s;#N/D
2119G;COSMA DO BRASIL - CAMISA RETARD ML - CEDROTECH FR 5228 AZ MARI - CONF1;209;s;#N/D
2128M;SANMARTIN - CAMISA RETARD CHAMAS ML - UNISAFE SLIM 1018 MAR - CONF1;209;s;#N/D
2140M;IGUATEMI - CAMISETE OPER MC - UNIOFFICE 3020 MARINHO - CONF1;204;s;#N/D
2160L;PETROBRAS - CAMISA GER PISTA REF MASC MC -UNICOMFORT 6223 VD - CONF1;203;s;#N/D
2161L;PETROBRAS - CAMISA GER PISTA MASC REF ML - UNICOMFORT 6223 VD- CONF1;203;s;#N/D
2173B;POSTO GALO - CAMISA GOLA POLO MC - UNILEVE 1009 - CONF;201;s;#N/D
2173K;POSTO PIRATININGA - CAMISETE SOCIAL OPER MC - UNIOFFICE 3004AZ - CONF1;204;s;#N/D
2174L;PETROBRAS - CAMISA LUBRAX MASC REF MC - UNICOMFORT 6222 VD - CONF1;203;s;#N/D
2182M;TERMOLAR - CAMISETE OPER ML - JEANS BAGUTA 4,5OZ - CONF1;204;s;#N/D
2193G;TODESCHINI - CAMISA RETARD ML BRIGADSITA - CEDROTECH 5098 AZ RY - CONF;209;s;#N/D
2194H;SCHNEIDER - CAMISA ML RETARD - UNISAFE 1009 CINZA - CONF;208;s;#N/D
2208I;MAGIUS - CAMISA OPER MC - UNIOFFICE CAMISARIA 3020 MARINHO - CONF1;203;s;#N/D
2214G;NUTRIMETAL - CAMISA ML RETARD - UNISAFE 1021 CAQUI - CONF;208;s;#N/D
2223E;COASUL -  CAMISA RETARD CHAMAS COM REF - CEDROTECH 5098 AZ - CONF;208;s;#N/D
2223M;DIGIPLAN -  CAMISA RETARD CHAMAS ML - CEDROTECH 8047 CINZA - CONF1;209;s;#N/D
2232M;RODAROS - CAMISA RETARD CHAMAS ML - CEDROTECH 4620 MUSGO - CONF1;209;s;#N/D
2234G;FRUKI - CAMISA ML RETARD-  UNISAFE 1014 AZ RY - CONF;208;s;#N/D
2235M;CBC  - CAMISA RETARD CHAMAS ML - CEDROTECHFR 5098 AZ RY - CONF1;209;s;#N/D
2236M;RIO GRANDE - CAMISA POLO MC - UNISOFT 1043 VERDE - CONF1;201;s;#N/D
2243M;ALIBEM - CAMISA GOLA POLO ML - UNILESTER SOFT 2001 BRANCO - CONF1AA;201;s;#N/D
2244L;MUNDIAL - CAMISA ML RETARD CHAMAS - UNISAFE SLIM 1009 CONF1;208;s;#N/D
2244M;ALIBEM - CAMISA GOLA POLO MC - UNILESTER SOFT 2001 BRANCO - CONF1AA;201;s;#N/D
2250J;SHOPPING CAR -  CAMISA OPER ML - UNIOFFICE CAM 3014 - CONF1;203;s;#N/D
2265G;RECIFER - CAMISA RETARD ML - UNIFORTE FR 1009 CINZA - CONF;209;s;#N/D
2273M;MASCOR - CAMISA GOLA ITALIANA MC - UNIQUALITY 1007 VERDE - CONF1;202;s;#N/D
2279G;MARINES - CAMISA ABERTA ML - TECHNO RIP STOP 723 CAQUI - CONF;200;s;#N/D
2286C;ALE - CAMISA SOCIAL OPER ML - UNISTIL SOFT 6136 AZ CLARO - CONF;203;s;#N/D
2291C;BUFFON - CAMISA OPER ML - UNIOFFICE 3004 AZUL - CONF;203;s;#N/D
2303J;STATUS RIO - CAMISA OPER  MC - CEDROFIL 002 BRANC - CONF1;203;s;#N/D
2306M;TECNOVIN - CAMISA RETARD CHAMAS ML - CEDROTECH FR 5098 AZ RY - CONF1;33;s;#N/D
2311H;REDE MONTEIROS - CAMISETE OPER MC - UNISTILL SOFT 6114 AZ - CONF;204;s;#N/D
2316M;IRMAOS CIOCCARI - CAMISA RETARD ML - CEDROTECH  FR 8047 CZ - CONF1;209;s;#N/D
2356M;SKIPPER - CAMISETE SOCIAL OPER  MC - UNIOFFICE 3020 MARINHO - CONF1;204;s;#N/D
2357M;COAMO - CAMISA RETARD ML - MED ESP - CEDROTECG FR 5098 AZ RY - CONF1;209;s;#N/D
2361J;DOW BRASIL - CAMISA RETARD CHAMAS ML - CEDROTECH FR 5098 AZ - CONF1;209;s;#N/D
2362H;CAMISA OPER ML - UNISTILL SOFT 6147 - CONF1;203;s;#N/D
2363M;FRANKLIN - CAMISA RETARD CHAMAS ML - UNIFORTE FR 1018 AZ - CONF1;209;s;#N/D
2369L;R E M INSTALACOES - CAMISA RETARD ML - UNIFORTE FR 1414 AZ RY - CONF1;209;s;#N/D
2381M;WEG - CAMISA RETARD CHAMAS ML - CEDROTECH FR 8047 CINZA - CONF1;209;s;#N/D
2386K;POSTO PETROBRASILIA - CAMISETE OPER ML - SKI WORK H03 GELO - CONF1;204;s;#N/D
2389A;XALINGO - CAMISA ABERTA MC - UNILEVE 1009 - CONF;200;s;#N/D
2391M;ARARA FLUMINENSE - CAMISA SOCIAL MC - UNISTILL SOFT 6147 VERM - CONF1;203;s;#N/D
2392M;ARARA FLUMINENSE - CAMISA SOCIAL MC - CEDROFILL 002 BRANCO - CONF1;203;s;#N/D
2394F;COMB APOLLO - CAMISA ABERTA MC - UNILEVE 1013 VERM - CONF1;200;s;#N/D
2394M;NB - CAMISA RETAR METAL LIQUIDO ML - UNIPOWER 1018 MARINHO - CONF1;250;s;#N/D
2404L;CAMISETE OPER FEM ML - UINOFFICE 3007 LARANJA - CONF1;204;s;#N/D
2405L;CAMISETE OPER FEM ML - UINOFFICE 3008 BORDO - CONF1;204;s;#N/D
2427I;REDE OLA - CAMISETE SOC OPER MC - UNISTILL SOFT 6147 VERM - CONF1;204;s;#N/D
2428I;REDE OLA - CAMISA SOC OPER MC - CEDROFIL 002 BRANCO - CONF1;203;s;#N/D
2435L;FECOAGORO - CAMISA RETARD CHAMAS ML - UNIFORTE FR 1009 CINZA - CONF1;209;s;#N/D
2436M;TECMESTEEL - CAMISETE OPER 3-4 - CEDROFIL 5228 MARINHO - CONF1;204;s;#N/D
2437I;REDE OLA - CAMISA SOCIAL OPER MC - UNIOFFICE CON 3001 BCO - CONF1;203;s;#N/D
2448H;MEPLA - CAMISA RETARD  ML  - UNISAFE 1009 CINZA - CONF;209;s;#N/D
2449E;MEGA WATTS - CAMISA RETARD CHAMAS ML - CEDROTECH 5228 AZ MAR - CONF;209;s;#N/D
2451I;ABAST ROTA 470 - CAMISETE OPER ML - UNISTILL SOFT 6147 VERMELH - CONF1;204;s;#N/D
2454K;LENZ - CAMISA RETARD CHAMAS ML - CEDROTECH 8047 CINZA - CONF1;209;s;#N/D
2458H;VIVER COM - CAMISA SOCIAL OPER MASC MC - UNISTILL 6147 VERM - CONF;203;s;#N/D
2459K;CONSALTER - CAMISA SOCIAL OPER ML - TRICOLINE IBIZA BRANCO - CONF1;203;s;#N/D
2462G;ALE - CAMISETE OPER 3-4 - CEDROFIL 5413 AZ  CLARO - CONF1;204;s;#N/D
2484K;METALS - CAMISA ABERTA ML -  UNILEVE 1008 MARINHO - CONF1;200;s;#N/D
2485M;MASCARELLO  - CAMISA OPER MC - MED ESP - UNIOFFICE 3004 AZUL  - CONF1;203;s;#N/D
2487M;MARCELO - CAMISETE OPER ML - CEDROFIL 001 PRETO - CONF1;204;s;#N/D
2488K;DANFOSS - CAMISA RETARD CHAMAS ML - CEDROTECH FR 8047 CZ - CONF1;209;s;#N/D
2491M;POSTO G3 - CAMISA OPER MC - CEDROFIL 5322 AZUL  - CONF1;203;s;#N/D
2492H;TRANSP ARCO GAS - CAMISA ABERTA POLO ML - POLYCEDROLEVE 5098;201;s;#N/D
2493H;MUELLER - CAMISA ML RETARD - CEDROTECH 8047 CINZA - CONF1;208;s;#N/D
2499M;CATTALINI - CAMISA ADM MASC ML - MED ESP - DOPFIL 1222 MARINHO - CONF1;205;s;#N/D
2526M;PETROTAVARES - CAMISETE OPER FEM  MC - UNIOFFICE 3002 CINZA - CONF1;204;s;#N/D
2528L;INCOFIOS - CAMISA RETARD CHAMAS ML - CEROTECH FR 8047 CZ - CONF1;209;s;#N/D
2528M;POSTO PETROTAVARES - CAMISA OPER MC - UNIOFFICE 3002 CINZA - CONF1;203;s;#N/D
2529G;FRANCOMANIA - CAMISETE OPER MC - UNIOFFICE 3004 AZ CELESTE - CONF;204;s;#N/D
2530G;FRANCOMANIA - CAMISA OPER MC - UNIOFFICE 3004 AZ - CONF;203;s;#N/D
2540J;FRAS LE - CAMISA SOCIAL OPER MC ESPEC - DOPFIL 9115 CINZA - CONF1AA;203;s;#N/D
2545M;PHILIP MORRIS - CAMISETE OPER ML - UNIOFFICE 3004 AZ - CONF1;204;s;#N/D
2546M;TURBO DIESEL - CAMISA SOCIAL OPER MC - UNISTILL SOFT 6147 VERM - CONF1;203;s;#N/D
2548M;PHILIP MORRIS - CAMISETE ADM ML - BARCELONA 004-1428 AZ - CONF1;206;s;#N/D
2549M;SINDUS - CAMISA ADM ML - TRICOLINE  CANNES 003-01 BRANCO - CONF1;205;s;#N/D
2550M;POSTO G3 - CAMISETE OPER MC - CEDROFIL 5322 AZUL - CONF1;204;s;#N/D
2554H;IPIRANGA JET OIL - CAMISA OPER ML - TECHNOPOLO FIT AZ MARI - CONF;203;s;#N/D
2554M;CATTALINI - CAMISETE ADM ML - MED ESP - DOPFIL 1222  MARINHO - CONF1;206;s;#N/D
2557L;HELEVAR - CAMISA RETARD CHAMAS ML - CEDROTECH 5098 AZ RY - CONF1;209;s;#N/D
2579C;CARRARO - CAMISA RETARD CHAMAS - CEDROTECH 5098 AZ RY - CONF;209;s;#N/D
2580L;GSI - CAMISA RETARD CHAMAS ML - UNIFORTE FR 1009 CINZA - CONF1;209;s;#N/D
2589K;MICROJUNTAS -  CAMISA RETARD CHAMAS ML - CEDROTECH 8047 CZ - CONF1;209;s;#N/D
2596M;SINDUS - CAMISETE ADM ML - TRICOLINE CANNES 003-01 BRANCO - CONF1;206;s;#N/D
2597M;KURITA - CAMISA RETARD CHAMAS ML - UNIFORTE FR 1018 MARIN - CONF1;209;s;#N/D
2598J;PACHECAO - CAMISA ABERTA ML - UNILIGHT 5009 CINZA - CONF1;200;s;#N/D
2602K;VIBRA - CAMISA ML RETARD CHAMAS - UNIFORTE FR 1014 AZ RY - CONF1;208;s;#N/D
2607M;XALINGO - CAMISA ABERTA  ML - SARJA 250GR 5280 AZ RY - CONF1;200;s;#N/D
2608M;XALINGO - CAMISA ABERTA  MC - SARJA 250GR 5280 AZ RY - CONF1;200;s;#N/D
2611G;CAMISA SOCIAL MASC MC - CEDROFILL 001 PRETO - CONF;203;s;#N/D
2624M;SOMA - CAMISA RETARD CHAMAS ML - UNIFORTE FR 1009 CZ - CONF1;209;s;#N/D
2627L;MAX - CAMISA ML RETARD - CEDROTECH 5098 AZ RY- CONF1;208;s;#N/D
2636J;ALL4LABELS - CAMISA ML RETARD -  UNISAFE SLIM 1018 MAR - CONF1;208;s;#N/D
2649M;SINDUS - CAMISA OPER ML - POLYCEDROBRIM 5228 MARINHO - CONF1;203;s;#N/D
2651M;SINDUS - CAMISA ADM ML - DOPFIL 001-1230 AZ RY - CONF1;205;s;#N/D
2654M;MILL SERRAS - CAMISA GOLA POLO ML - UNISOFT 1009 CINZA - CONF1;201;s;#N/D
2655M;POLO FILMS - CAMISA ADM MASC ML - UNIOFFICE 3013 VERDE - CONF1;205;s;#N/D
2658M;MS COM - CAMISA OPER MC - CEDROFIL 0002 BRANCO - CONF1;203;s;#N/D
2660M;MS COM - CAMISETE OPER MC - CEDROFIL 0002 BRANCO - CONF1;203;s;#N/D
2661M;LINEAR - CAMISA RETARD CHAMAS ML - CEDROTECH FR 8047 CZ - CONF1;209;s;#N/D
2666M;IRMAOS CIOCCARI - CAMISA RETARD ML - CEDROTECH FR 5098 AZ RY - CONF1;209;s;#N/D
2667M;REDE DIGOS - CAMISA OPER ML - CEDROFIL 0002 BRANCO- CONF1;203;s;#N/D
2668M;POSTO FLORENSE -  CAMISETE OPER FEM MC -  CEDROFIL 0002 BRANCO - CONF1;204;s;#N/D
2671M;ELERA - CAMISA OPER ML - UNIOFFICE 3003 AZUL - CONF1;203;s;#N/D
2672M;SETUP - CAMISA ABERTA ML - UNIFORTE 1009 CINZA - CONF1;200;s;#N/D
2679K;RANDON IMP - CAMISETE OPER ML - DOPFIL 004-9115  CINZA - CONF1;204;s;#N/D
2691L;MAREL - CAMISA RETARD CHAMAS ML - UNIFORTE FR 1014 AZ RY - CONF1;209;s;#N/D
2699I;TEVERE - CAMISA ML RETARD CHAMAS - CEDDROTECH FR 5228 -  CONF1;208;s;#N/D
2708M;SPRINGER - CAMISA OPER ML - PROFIT 001-1240 PROVENCE - CONF1;203;s;#N/D
2719L;ELETROPOLAR - CAMISA ML RETARD CHAMAS UNISAFE SLIM 1014 AZ RY - CONF1;208;s;#N/D
2722G;CERAMICA ELIZABETH - CAMISA ML RETARD - CEDROTECH 5098 AZ RY - CONF;208;s;#N/D
2736L;CENCI - CAMISA RETARD CHAMAS ML - CEDROTECH5228 AZ - CONF1;209;s;#N/D
2745M;REDE HG - CAMISA OPER ML - UNISTILL SOFT 6101 BCO - CONF1;203;s;#N/D
2746L;ARARA AZUL - CAMISA SOCIAL MC - CEDROFILL 002 BRANCO - CONF1;203;s;#N/D
2756J;RAROZ - CAMISA RETARD CHAMAS ML - CEDROTECH 8047 CINZA - CONF1;209;s;#N/D
2756L;PLASTRELA - CAMISA RETARD CHAMAS ML - CEDROTECH 8047 CZ - CONF1;209;s;#N/D
2756M;WORLEY - CAMISA ML RETARD - CEDROTECH 2063 LARANJA - CONF1;208;s;#N/D
2766K;REDE OLA - CAMISETE SOC OPER MC - CEDROFIL 002 BCO - CONF1;204;s;#N/D
2773K;WAISSBURG - CAMISA ML RETARD CHAMAS - CEDROTECH FR 5228MARIN - CONF1;208;s;#N/D
2810J;YARA - CAMISETE ADM MC - TRICOLINE IBIZA 003-601 BRANCO - CONF1;206;s;#N/D
2815L;AKER SOLUTIONS - CAMISA OPER ML RETAR - CEDROTECH FR 1052 VERM - CONF1;209;s;#N/D
2830E;TECNOVIN - CAMISA ANTI CHAMAS - CEDROTECH 5098 - CONF;209;s;#N/D
2843F;ALIBEM - CAMISA GOLA POLO ML - UNIFIT 5014 AZ RY - CONF;201;s;#N/D
2846M;POSTO ZOOLOGICO - CAMISA OPER MC - CEDROFIL 002 BRANCO - CONF1;203;s;#N/D
2849J;AKER SOLUTIONS - CAMISA OPER MC - UNLIGHT 5013 VERM - CONF1;203;s;#N/D
2849M;POSTO ZOOLOGICO - CAMISA OPER MC - UNISTILL SOFT 6147 VERM - CONF1;203;s;#N/D
2864J;SOPRANO - CAMISA RETARD CHAMAS ML - CEROTECH FR 8047  CZ - CONF1;209;s;#N/D
2867G;MINUANO - CAMISA RETARD ML - UNIFORTE FR CA 1014 AZ RY - CONF;209;s;#N/D
2868L;POSTO BERTOLINI - CAMISA FEM MC - UNICOMFORT FLEX 6139 AZUL - CONF1;201;s;#N/D
2871J;NELSON - CAMISA RETARD CHAMAS ML - UNIFORTE FR 1014 AZ RY - CONF1;209;s;#N/D
2875M;SOUZA ROSA - CAMISA SOCIAL OPER MC - UNISTILL SOFT 6147VERM - CONF1;203;s;#N/D
2879M;AOSB - CAMISETE OPER ML - DOPFIL 004-1230 ROYAL - CONF1;204;s;#N/D
2880M;AOSB - CAMISA OPER ML - DOPFIL 004-1230 AZUL ROYAL - CONF1;203;s;#N/D
2885J;POSTO COM FIT - CAMISA SOCIAL OPER MC - UNIFILL 6509 CINZA - CONF1;203;s;#N/D
2886M;METASA - CAMISA ML RETARD CHAMAS - CEDROTECH FR 5228 MARI - CONF1;208;s;#N/D
2887L;TIROL - CAMISA RETARD CHAMAS ML - CEDROTECH 8047 CINZA - CONF1;209;s;#N/D
2892M;SOUZA ROSA - CAMISETE SOCIAL OPER MC - UNISTILL SOFT 6147VERM - CONF1;204;s;#N/D
2896M;FREMAX - CAMISA RETARD CHAMAS ML - CEDROTECH FR 8047 CZ - CONF1;209;s;#N/D
2897M;FREMAX - CAMISA RETARD CHAMAS ML - CEDROTECH FR 8047  CZ - CONF1;209;s;#N/D
2904H;MAXIPLAST - CAMISA RETARD CHAMAS ML -  CEDROTECH FR 8047 CZ - CONF1;209;s;#N/D
2905H;MAXIPLAST - CAMISA RETARD CHAMAS ML -  CEDROTECH FR 8047 CINZA - CONF1;209;s;#N/D
2906H;MAXIPLAST - CAMISA RETARD CHAMAS ML -  CEDROTECH FR 8047 CINZA - CONF1;209;s;#N/D
2914E;CENTRAL COMBUSTIVEIS - CAMISA OPER MC - CEDROFIL 1104 VERM - CONF;203;s;#N/D
2915D;HP ENGENHARIA - CAMISA ABERTA ML - CEDROLEVE SUPER 5228 MARI- CONF1;200;s;#N/D
2918L;PETROBRAS - CAMISETE GER BR MANIA ML - UNICOMFORT 6223 VD - CONF1;204;s;#N/D
2918M;WHIRLPOOL - CAMISA POLO ML RETAR CHAMAS - CEDROTECH 1052 VERM - CONF1;209;s;#N/D
2921M;POSTO QUALITY - CAMISA MASC ML - UNICOMFORT 6223 VD - CONF1;203;s;#N/D
2922M;AURA ALMAS - CAMISA SOCIAL ADM ML - UNISOFT 1244 MARINHO - CONF1;200;s;#N/D
2923M;AURA ALMAS - CAMISETE SOCIAL ADM ML - UNISOFT 1244 MARINHO - CONF1;206;s;#N/D
2925M;PEDRO LESSA - CAMISA OPER MC - PROFIT 001-21 PRETO - CONF1;203;s;#N/D
2927M;PEDRO LESSA - CAMISA SOCIAL OPER MC - UNISTILL SOFT 6147 VERM - CONF1;203;s;#N/D
2928D;ELETROMAIS - CAMISA ANTICHAMAS - CEDROTECH  5098 AZ RY  - CONF1;209;s;#N/D
2929F;CARRARO - CAMISA RETARD CHAMAS - UNIFORTE FR 1014 AZ RY - CONF;209;s;#N/D
2931L;CAMIL - CAMISA RETARD CHAMAS ML - MOD 1 - CEDROTECH FR 8047 CZ - CONF1;209;s;#N/D
2935L;4 ILHAS  - CAMISA OPER MC - TRICOLINE CANNES 003-01 BRANCO - CONF1;203;s;#N/D
2940L;STARSOL - CAMISA OPER ML TRICOLINE CANNES 001-1230 COBALTO CONF1;203;s;#N/D
2941L;STARSOL - CAMISETE OPER ML TRICOLINE CANNES 001-1230 COBALTO CONF1;204;s;#N/D
2951H;TORRECID - CAMISA RETARD CM  ML -  CEDROTECH  FR 5228 AZ MAR - CONF1;209;s;#N/D
2977A;COMB SILVEIRA - CAMISETA POLO MC - PIQUET PA 090 VERDE - CONF1;602;s;#N/D
2977J;ALIBEM - CAMISA ML RETARD - CEDROTECH FR 5098 AZ RY - CONF1;209;s;#N/D
2982I;CAMISETE OPER ML - CEDROFI 002 BCO - CONF1;203;s;#N/D
2985L;NEUGEBAUER - CAMISA RETARD CHAMAS ML - UNIFORTE FR 1009 CZ - CONF1;209;s;#N/D
2996I;KEPLER - CAMISA GOLA POLO ML - UNILEVE 1013 VERM - CONF1;201;s;#N/D
2999L;MS - CAMISA ATEN BR MANIA MASC MC - UNICOMFORT 6225 VD - CONF1;203;s;#N/D
3002I;BENECKE - JALECO MC - UNILEVE 1043 VERDE - CONF1;300;s;#N/D
3048G;CISLAGHI - GUARDA PO 3-4 ML - UNIFORTE 1009 CZ - CONF;301;s;#N/D
3054I;ERBS - JALECO MC - UNILESTER PLUS 2050 CINZA - CONF1;300;s;#N/D
3056G;POSTO KID DOLAR - JALECO MC - POLYCEDROLEVE SUPER 8047 CINZA - CONF;300;s;#N/D
3073H;JORNADA - JALECO ML - SARJA LIDER 8260 CINZA - CONF1;300;s;#N/D
3078I;RECH - GPO 3-4 ML - SARJA 202GR 5280 AZ RY - CONF1;301;s;#N/D
3092J;EATON - GUARDA PO 3-4 ML - UNIFIT 5008 AZ MARINHO - CONF1;301;s;#N/D
3129J;EATON - GUARDA PO 3-4 MC - UNIFIT 5008 AZ MARINHO - CONF1;301;s;#N/D
3143I;TROY FERRAMENTAS - JALECO GOLA V - CEDROFIL 5414 AZ RY - CONF1;920;s;#N/D
3189J;GOMASUL - JALECO ML - OXFORD PRETO - CONF1;300;s;#N/D
3213J;BENTO SUL - JALECO ML - SARJA 250GR 5280 AZ RY - CONF1;300;s;#N/D
3240D;LABORATORIO RANDON - JALECO ML - CEDROFIL 002 BRANCO - CONF;300;s;#N/D
3240J;RANDON - JALECO ML - MED ESP - UNILEVE 1003 AZUL - CONF1;300;s;#N/D
3241I;POSTO RIO DAS OSTRAS- JALECO MC - UNITECH 5008 MARINHO - CONF1;300;s;#N/D
3245H;IRMAOS AMALCABURIO - GUARDA PO 3-4 MC - SARJA 250GR 5280 AZ RY - CONF1;300;s;#N/D
3246H;IRMAOS AMALCABURIO - GUARDA PO MC 3-4 - TERGAL 12 AZ CELESTE - CONF1;301;s;#N/D
3264D;DITAL - GUARDA PO 3-4 MC - UNILEVE 1002 - CONF;301;s;#N/D
3281H;RVB MALHAS - JALECO MC - CEDROFIL 0002 BRANCO - CONF1;300;s;#N/D
3282H;RVB MALHAS - JALECO ML - CEDROFIL 0002  BRANCO - CONF1;300;s;#N/D
3289H;MUNDIAL - GUARDA PO 7-8 ML FEM - UNITEL 2001 BRANCO - CONF1;302;s;#N/D
3296I;FUTURE - GUARDA PO 3-4 ML - UNICOMFORT FLEX 6110 BEGE  - CONF1;301;s;#N/D
3322C;INFRAVER - JALECO ML - UNILEVE 1018 MARINHO - CONF;300;s;#N/D
3323C;INFRAVER - JALECO MC - UNILEVE 1018 AZ MARINHO - CONF;300;s;#N/D
3334H;AMALCABURIO - JALECO MC - UNILEVE 1243 VERDE - CONF1;300;s;#N/D
3340H;CERAMIX - JALECO ML LABORATORIO - DOPTEL 001-9118 STORM - CONF1;300;s;#N/D
3368G;POSTO GRACIOSA - JALECO MC - UNILESTER 2050 CINZA - CONF;300;s;#N/D
3373F;COMB BP - JALECO ML - UNIFORTE 1009 CINZA - CONF;300;s;#N/D
3429J;ALIBEM - GUARDA PO 7-8 ML - OXFORD MT BRANCO - CONF 1;302;s;#N/D
3444H;VIEMAR - JALECO ML - UNILEVE 1009  CINZA - CONF1;300;s;#N/D
3446G;SAN MARINO -  JALECO MC - UNISOFT  1243 VERDE - CONF;300;s;#N/D
3496J;FRAS LE - JALECO MC - MED ESP - UNILEVE 1003 AZUL - CONF1;602;s;#N/D
3500ZZ;CALCA FRENTISTA MASCULINO;103;s;#N/D
3501ZZ;CALCA FRENTISTA FEMININO;106;s;#N/D
3502ZZ;BERMUDA FRENTISTA MASC;113;s;#N/D
3506ZZ;CAMISA FRENTISTA MASC M/L;203;s;#N/D
3508ZZ;JAQUETA FRENTISTA COM FIBRA;500;s;#N/D
3509ZZ;JAQUETA FRENTISTA SEM FIBRA;500;s;#N/D
3510ZZ;MOLETOM FRENTISTA FEMININO;914;s;#N/D
3517ZZ;AVENTAL FRENTISTA;915;s;#N/D
3518A;DALL A COSTA - GUARDA PO 3-4 MC - CEDROPAC 7158 CAQUI -  CONF1;301;s;#N/D
3518H;CHARRUA - GUARDA PO 3-4 ML - UNILEVE 1001 BRANCO - CONF1;301;s;#N/D
3518ZZ;CAMISA LOJA DE CONVENIENCIA MASC M/C;203;s;#N/D
3522ZZ;CAMISA LUBRIFICADOR MASC M/C;203;s;#N/D
3527ZZ;JAQUETA LOJA DE CONVENIENCIA;500;s;#N/D
3529ZZ;CAMISA GERENTE MASC M/C;203;s;#N/D
3531ZZ;CAMISETE PADARIA FEM M/C;204;s;#N/D
3535ZZ;CAMISETE GERENTE FEM M/C;204;s;#N/D
3537ZZ;CALCA PADARIA MASC;103;s;#N/D
3538ZZ;CAMISA GERENTE MASC M/L;203;s;#N/D
3539ZZ;CAMISETE GERENTE FEM M/L;204;s;#N/D
3540ZZ;CAMISA FRENTISTA MASC M/C;203;s;#N/D
3541ZZ;PADARIA AM PM - TOUCA DE ABRIGO - BRANCO - CONF;1;s;#N/D
3542ZZ;IPIRANGA JET OIL - CAMISA OPER MC - FUSTAO 1256 AZ MARI - CONF1;203;s;#N/D
3543ZZ;IPIRANGA - AVENTAL CM - UNILIGHT 5070 AZ MARINHO - CONF;915;s;#N/D
3573G;TECLAB - GUARDA PO 7-8 ML- OXFORD VERDE AGUA - CONF1;302;s;#N/D
3577G;CAAL - JALECO ML - UNIQUALITY 1007 VERDE - CONF;300;s;#N/D
3578J;RIO GRANDE - JALECO ML - SARJA 202GR 8260 CINZA - CONF1;209;s;#N/D
3583J;TELASUL- JALECO ML - UNISOFT 1006 VERDE - CONF1;300;s;#N/D
3602J;LIKO - GUARDA PO ML 3-4 - SARJA 202GR 5280 AZ RY - CONF1;301;s;#N/D
3672J;AUTOTROVI - JALECO ML - SARJA 250GR 5280 AZ RY - CONF1;300;s;#N/D
3673A;CORFIX - JALECO MC - UNISOFT 1002 - CONF1;300;s;#N/D
3674G;G3 INDUSTRIA - GUARDA PO 3/4 ML - UNISOFT 1001 BRANCO - CONF1;301;s;#N/D
3692J;ALFIX - JALECO ML - SARJA 202GR 8260 CINZA - CONF1;300;s;#N/D
3704J;SNOWLAND - JALECO MC - DOPTEL 1223 AZUL - CONF1;300;s;#N/D
3706J;SNOWLAND - JALECO FEM MC - DOPTEL 1223 AZUL - CONF1;300;s;#N/D
3738J;IMPLEMENTOS - JALECO ML - MED ESP - UNILEVE 1003 AZUL - CONF1;300;s;#N/D
3750J;XALINGO - JALECO ML - SARJA 202GR 5280 AZ RY - CONF1;300;s;#N/D
3751J;XALINGO - JALECO MC - SARJA 202GR 5280 AZ RY - CONF1;300;s;#N/D
3756J;DASS - GUARDA PO 7-8 ML - UNILESTER 2001 BRANCO - CONF1;302;s;#N/D
3759J;EATON - GUARDA PO 3-4 MC - UNISOFT 1244 MARINHO - CONF1;301;s;#N/D
3760J;EATON - GUARDA PO 3-4 MC - UNISOFT 1244 MARINHO - CONF1;301;s;#N/D
3761J;MARCOPOLO - JALECO ML - MED ESP - UNISOFT 1414 AZ RY - CONF1;300;s;#N/D
3765J;GECELE - JALECO ML - UNISOFT 1233 VERMELHO - CONF1;300;s;#N/D
3774J;GAVI - JALECO MC - SARJA 202GR 5280 AZ RY - CONF1;300;s;#N/D
3784J;CHRIS CINTOS - GPO 3-4 MC - UNIQUALITY 1014 AZ RY - CONF1;301;s;#N/D
3786J;CHRIS CINTOS - GPO 3-4 MC - UNIQUALITY 1014 AZ RY - CONF1;301;s;#N/D
3787J;CHRIS CINTOS - GPO 3-4 MC - CEROLEVE DRILL 5098 AZ RY - CONF1;301;s;#N/D
3789J;CHRIS CINTOS - GPO 3-4 MC - UNIQUALITY 001 BRANCO - CONF1;301;s;#N/D
3791J;CHRIS CINTOS - GPO 3-4 MC - UNIQUALITY 1014 AZ RY - CONF1;301;s;#N/D
3793J;FRAS-LE - JALECO ML - MED ESP - UNILEVE 1003  AZ CELESTE - CONF1;300;s;#N/D
3806J;PAROQUIA - JALECO ML - OXFORD BRANCO - CONF1;300;s;#N/D
3840G;CAMMINO - JALECO ML - UNILEVE 1009 CINZA - CONF;300;s;#N/D
3848J;BIANCHINI - JALECO MC 3-4 - UNIFORTE 1233 VERMELHO - CONF1;300;s;#N/D
3858J;GUERRA - JALECO ML - SARJA 250GR 5280 AZ RY- CONF1;300;s;#N/D
3872J;BIANCHINI - JALECO MC - UNIFORTE 1006 VERDE - CONF1;300;s;#N/D
3889D;AGRALE - JALECO MC - SEGURANCA  - UNIQUALITY 1015 VD  - CONF1;300;s;#N/D
3890J;FUND STA TEREZINHA - JALECO ML - CEDROLEVE SUPER 8053 CHUMBO - CONF1;300;s;#N/D
3892J;VENDRAMIN - JALECO ML - UNITECH 5009 CINZA - CONF1;300;s;#N/D
3893J;PEDRO LESSA - JALECO MC - CEDROLEVE SUPER 1052 VERMELHO - CONF1;300;s;#N/D
3900B;REFL UNIDOS - JALECO ML - UNIFORTE 1003 AZ CELESTE - CONF;300;s;#N/D
3915H;IMPLEMENTOS - JALECO ML - MED ESP - UNILEVE 1003 AZ CEL - CONF1;300;s;#N/D
3924H;IRMAOS AMALCABURIO - JALECO ML - SARJA 250GR 8260 CINZA - CONF1;300;s;#N/D
3946H;ALIBEM - GPO 3-4 ML - CITBRIM 0022 BRANCO - CONF1;301;s;#N/D
3947H;ALIBEM - GUARDA PO 3-4  MC - CITBRIM 0022 BRANCO - CONF1;300;s;#N/D
3971I;RANDON - JALECO ML - MED ESP - UNILEVE 1003 AZUL - CONF1;300;s;#N/D
3975H;CERAMIX - JALECO ML MANUTENCAO - UNILIGHT 5009 CZA - CONF1;300;s;#N/D
3990F;ACOLAR - GUARDA PO 7-8 ML - CEDROBRIM SUPER 7157 MARROM - CONF1;302;s;#N/D
4100ZZ;CHARRUA - CALCA MEIO ELAST GERENTE MASC - CONF;101;s;#N/D
4110ZZ;CHARRUA - MOLETON GOLA REDONDA - CAIXA - CONF;914;s;#N/D
4111B;CENCI E CIA COD 9200 - MACACAO ML - SARJA 250GR 5280  AZ RY - CONF1AA;400;s;#N/D
4111ZZ;CHARRUA - MOLETOM GOLA REDONDA FRENTISTA - CONF;914;s;#N/D
4127B;COMB BP - MACACAO ML - UNIFORTE 1009 - CONF;400;s;#N/D
4200ZZ;CHARRUA - CALCA MEIO ELAST- UNILESTER SOFT 2050 CZ - CONF1;101;s;#N/D
4208ZZ;CHARRUA -  CAMISETA GOLA POLO MC - PIQUET PA 7036 VD - CONF1;602;s;#N/D
4212ZZ;CHARRUA - JAQUETA - UNILESTER SOFT 2015 VERDE - CONF1;500;s;#N/D
4214ZZ;CHARRUA - CAMISETE OPER FEM  MC - UNIOFFICE 3002 CINZA - CONF1;204;s;#N/D
4218A;MADEM - MACACAO ML - UNIFORTE 1009 CINZA - CONF;400;s;#N/D
4252B;FRAS-LE - MACACAO ML - UNILEVE 1009 CINZA - CONFAA;400;s;#N/D
4260B;SILVESTRIN - MACACAO ML - UNIPACIFIC 1015 VERDE - CONF1;400;s;#N/D
4300ZZ;CHARRUA - CALCA MEIO ELAST - UNILESTER SOFT 2050 CINZA - CONF1;101;s;#N/D
4301ZZ;CHARRUA - CALCA MEIO ELAST FEM - UNILESTER SOFT 2050 CZ - CONF1;101;s;#N/D
4303ZZ;CHARRUA - BERMUDA MEIO ELAST - UNILESTER SOFT 2050 CINZA - CONF1;111;s;#N/D
4307ZZ;CHARRUA - JAQUETA - NYLON PARAQUEDA 012  VERMELHO - CONF1;500;s;#N/D
4308ZZ;CHARRUA -  CAMISETA GOLA POLO MC - PIQUET PA 178 VERMELHO - CONF1;602;s;#N/D
4310ZZ;CHARRUA - MOLETOM - FLANELADO  078 VERMELHO - CONF1;914;s;#N/D
4313ZZ;CHARRUA - BONE MOD 6 GOMOS - ACIMA DE 100PCS - REG. VELCRO- CONF1;910;s;#N/D
4314ZZ;CHARRUA - CAMISETE OPER FEM  MC - UNIOFFICE 3002 CINZA - CONF1;204;s;#N/D
4315ZZ;CHARRUA - CAMISA OPER  MASC MC - UNIOFFICE 3002 CINZA - CONF1;203;s;#N/D
4372B;MEC UNIDIEL -  MACACAO ML - UNIFORTE 1014 AZ RY - CONF1;400;s;#N/D
4435B;ELETRO JS - MACACAO ML - UNIFORTE 1014 AZ RY - CONF;400;s;#N/D
4483B;COOPATRIGO - MACACAO ML - SARJA 250GR 8260 CINZA - CONF1;400;s;#N/D
4487B;PHILIP MORRIS - MACACAO ML COM CAPUZ - UNIFORTE 1009 CINZA - CONF1;400;s;#N/D
4492B;MEC THIAGUINHO - MACACAO ML - UNILEVE 1018 AZ MARINHO - CONF1;400;s;#N/D
4548B;YARA - MACACAO ML - UNITECH 5024 LARAN - CONF1;400;s;#N/D
4776B;ALIANCA - MACACAO ML - MED ESP - UNIFORTE 1002 CZA - CONF1;400;s;#N/D
4777B;EXECUTAR ALPINISMO - MACACAO RETARDML - CEDROTECH 2063 LAR- CONF1;409;s;#N/D
4785B;NB - MACACAO ML - UNILESTER RIP STOP 2050 CINZA - CONF1;400;s;#N/D
4793B;CENCI - MACACAO ML - RETARD CHAMAS - CEDROTECH 5228 AZ MAR - CONF1;409;s;#N/D
4803B;NB - MACACAO MC - UNILESTER RIP STOP 2050 CINZA - CONF1;400;s;#N/D
4824B;DORF -  MACACAO ML - UNIFORTE 1018 MARINHO - CONF1;400;s;#N/D
4828B;CHARRUA  - MACACAO ML - UNIFORTE 1009 CINZA - CONF1;400;s;#N/D
4853B;MARCHER -  MACACAO MC - UNIFORTE 1009 CINZA - CONF1;400;s;#N/D
4868B;HUISMAN - MACACAO ML RETARD CH - CEDROTECH FR 2063 LAR - CONF1;400;s;#N/D
4877B;SMARTCOAT  - MACACAO ML RETARD CH - UNIFORTE FR 1232 LARANJA - CONF1;400;s;#N/D
4885B;GON PETRO - MACACAO ML RETARD CH - CEDROTECH FR 8047 CZ - CONF1;409;s;#N/D
4894B;AKER SOLUTION  MACACAO ML RETARD CH - UNIFORTE FR 1232 LARANJA - CONF1;409;s;#N/D
4895B;FRUTINI -  MACACAO ML - SARJA 250GR 5280 AZ RY - CONF1;400;s;#N/D
4905B;HUISMAN - MACACAO ML RETARD - MED ESP - UNIFORTE FR 1232 LAR - CONF1;400;s;#N/D
4909B;ENGEVALE - MACACAO ML RETARD - CEDROTECH FR 5228 MARINHO - CONF1A;409;s;#N/D
4911B;SEDMETAL - MACACAO ML RETARD CH - CEDROTECH FR 5228 MARINHO - CONF1;409;s;#N/D
4945B;CENTER CORAL -  MACACAO MC - UNILEVE 1414 AZ RY - CONF1;400;s;#N/D
4946B;CENTER CORAL -  MACACAO MC - UNILEVE 1001 BRANCO - CONF1;400;s;#N/D
4947B;REDE HG -  MACACAO MC - UNILIGHT 5014 AZ RY - CONF1;400;s;#N/D
4948B;RUDDER - MACACAO RETARD CHAMAS - CEDROTECH FR 5098 AZ RY - CONF1;408;s;#N/D
4953B;REDE HG -  MACACAO ML - UNILIGHT 5014 AZ RY - CONF1;400;s;#N/D
4954B;ESTRUTURAL - MACACAO ML RF RETARD - CEDROTECH FR 2063 LARANJA - CONF1;409;s;#N/D
4955B;TRANSPETRO - MACACAO ML - UNIVERSAL 1232 LARANJA - CONF1;400;s;#N/D
4956B;TRANSPETRO - MACACAO RETARD ML - UNIFORTE FR 1232 LARANJA - CONF1;409;s;#N/D
4957B;TRANSPETRO - MACACAO RETARD ML - CEDROTECH FR 2063 LARANJA - CONF1;409;s;#N/D
5000F;MADAL - PARKA - NYLON PARAQUEDAS 17 PRETO - CONF1;501;s;#N/D
5010F;POSTO DOS CAVALEIROS - JAQUETA - POLYCOTTON MAIS 0001 PTO - CONF1;500;s;#N/D
5014D;POSTO STA TERESINHA - JAQUETA - NYLON PARAQ 12 VERM - CONF;500;s;#N/D
5017E;SANEP - JAQUETA - UNIFORTE PRO FR CA 40569 - UNIFORTE 1009 - CONF1;509;s;#N/D
5022B;MEDABIL - JAQUETA - UNIVERSAL 1014 AZ RY - CONF1;500;s;#N/D
5028E;HAFELE - JAQUETA FEMININA  - NYLON PARAQ 17 PRETO - CONF1;500;s;#N/D
5042E;ALIBEM - JAQUETA RETARD A CHAMAS - UNISAFE SLIM FR 1014 AZ - CONF1;509;s;#N/D
5046E;ERACI - JAQUETA UNISSEX - NYLON PARAQ 12 VERMELHO - CONF1;500;s;#N/D
5048E;POSTO SAO PELEGRINO - JAQUETA - UNIFORTE 1008 AZ MARIN - CONF1;500;s;#N/D
5056E;HOERLLE E ASSUMPCAO - PARKA - NYLON PARAQUEDAS 031 CZA- CONF1;501;s;#N/D
5059E;HOERLLE E ASSUMPCAO - PARKA - NYLON PARAQUEDAS 017 PTO- CONF1;501;s;#N/D
5061D;LSL TRANS -  JAQUETA - POLLYCONTTONCEDRO MAIS 5228 MARIN  - CONF1A;500;s;#N/D
5091D;POSTO SERRA GAUCHA - JAQUETA - UNILESTER 2018 AZ MAR - CONF;500;s;#N/D
5107E;DORF KETAL - JAQUETA - UNIFORTE 1018 MARINHO - CONF1;500;s;#N/D
5109D;JTI - JAQUETA ANTICHAMAS - UNIFORTE FR 1009 CINZA - CONF;509;s;#N/D
5113E;AUTO POSTO EMF - JAQUETA PARKA - NYLON PARAQUEDAS 016 AZ - CONF1;501;s;#N/D
5118E;RAROZ -  JAQUETA - NYLON PARAQ 22 CHUMBO - CONF1;500;s;#N/D
5128C;CENCI E CIA - JAQUETA - NYLON PARAQ 31 CINZA - CONF1;500;s;#N/D
5142D;COOPERLUZ -  JAQUETA - NYLON CAPA IMPER PRETO - CONF;500;s;#N/D
5148D;SAT COM COMB - JAQUETA - NYLON PARAQ 27 AZ RY - CONF1;500;s;#N/D
5150E;DANFOSS - JAQUETA MASC - NYLON PARAQ 31 CZ - CONF1;500;s;#N/D
5156E;CENCI - JAQUETA MASC - NYLON 100  COSTURA 5 X 5 16 PRETA - CONF1;501;s;#N/D
5157E;CENCI - JAQUETA FEM - NYLON 100  COSTURA 5 X 5 16 PRETA - CONF1;501;s;#N/D
5160E;ERACI - JAQUETA UNISSEX - NYLON PARAQ 17 PRETO - CONF1;500;s;#N/D
5162E;ALIBEM - JAQUETA RETARD A CHAMA - UNISAFE SLIM FR 1014 AZ - CONF1;509;s;#N/D
5175D;POSTO RS 240 -  JAQUETA - NYLON PARAQUEDAS 16 AZ MARI - CONF;500;s;#N/D
5185E;MARQUETTO - JAQUETA - UNITECH 5009 CINZA - CONF1;500;s;#N/D
5193C;SENA MADEIRAS - JAQUETA - NYLON CHINES CINZA - CONF;500;s;#N/D
5204D;POSTO STA TERESINHA - JAQUETA - NYLON PARAQ 17 PRETO - CONF1;500;s;#N/D
5217D;POSTO CARESTIATO - JAQUETA - NYLON PARAQ 12 VERM - CONF1;500;s;#N/D
5229E;STAHL - JAQUETA RET A CHAM - UNISAFE SLIM  1018 MARINHO - CONF1;509;s;#N/D
5237C;COOP DE DIST DE ENERGIA - JAQUETA - SARJA 250GR 8260 CINZA - CONF1AA;500;s;#N/D
5245D;INAB - JAQUETA MASC - NYLON PARAQUEDAS 17 PRETO - CONF 1;501;s;#N/D
5254D;MANUCHAR -  JAQUETA - NYLON PARAQUEDA 24 LARANJA - CONF1;500;s;#N/D
5255D;MANUCHAR -  JAQUETA - NYLON PARAQUEDA 11 AZUL ROYAL - CONF1;500;s;#N/D
5257D;MANUCHAR -  JAQUETA - NYLON PARAQUEDA 23 VERDE - CONF1;500;s;#N/D
5258D;MANUCHAR -  JAQUETA - NYLON PARAQUEDA 57 PRATA - CONF1;500;s;#N/D
5259D;MANUCHAR -  JAQUETA - NYLON PARAQUEDA 12 VERM - CONF1;500;s;#N/D
5275E;POSPTO MAIOCHI - JAQUETA UNISSEX - NYLON PARAQ 12 VERMELHO - CONF1;500;s;#N/D
5282E;BIANCHINI - JAQUETA - SARJA LIDER 250GR 8260 CINZA - CONF1;500;s;#N/D
5311E;MARVI - PARKA - NYLON PARAQ 027 AZ RY - CONF1;501;s;#N/D
5325D;POSTO VIADUTO  - JAQUETA - NYLON PARAQ 33 PETROLEO - CONF1;500;s;#N/D
5331D;METISA -  JAQUETA - UNIQUALITY 1014 AZUL ROYAL - CONF1 - A;500;s;#N/D
5332D;METISA -  JAQUETA - UNIQUALITY 1015 VERDE - CONF1 - A;500;s;#N/D
5349D;POSTO PINHEIRO -  JAQUETA - UNILESTER PLUS 2050 CINZA - CONF1;500;s;#N/D
5352E;PHILIP MORRIS JAQUETA MASC - NYLON 100  COSTURA 5 X 5 16 PRETA - CONF1;500;s;#N/D
5364D;POSTO 4 ILHAS - JAQUETA - NYLON PARAQUEDAS 17 PRETO - CONF1;500;s;#N/D
5365D;TIMAC - JAQUETA RETARDANTE A CHAMAS - UNIFORTE FR 1018 AZ MAR - CONF1;500;s;#N/D
5395C;TRENSURB - PARKA FEMININA - NYLON PARAQUEDAS RESINADO I PRETO - CONF1;501;s;#N/D
5396C;TRENSURB - PARKA MASC - NYLON PARAQUEDAS RESINADO I PRETO - CONF1;501;s;#N/D
5427E;POSTO APOLO - JAQUETA - NYLON PARAQ 17 PRETO - CONF1;500;s;#N/D
5432E;CINADIS -  JAQUETA - AUSTRALIA REPEL 009-21 PRETO - CONF1;500;s;#N/D
5433D;TECON - JAQUETA RETARD CH - UNIFORTE FR 1018 AZUL MARINHO - CONF1;509;s;#N/D
5445B;DENAT -  JAQUETA - NYLON PARAQUEDAS 27 AZUL ROYAL - CONF1;500;s;#N/D
5446E;3 TENTOS -  JAQUETA GOLA ESP -  CEDROPAC II 5228 AZ MARINHO - CONF1;500;s;#N/D
5461E;POSTO SAO JOAO - PARKA MASC -  POLYCEDROBRIM SUPER 4360 VD - CONF1;501;s;#N/D
5472E;SULCLIMAC- PARKA - NYLON PARAQ 16 MARINHO - CONF1;501;s;#N/D
5474E;REFRIMATE - PARKA - UNITECH 5018 MARINHO - CONF1;501;s;#N/D
5485B;TRENSURB - PARKA MASC - NYLON PARAQ RESINADO I AZ MAR - CONF1;501;s;#N/D
5489B;TRENSURB - PARKA FEMININA - NYLON PARAQUEDAS RESINADO I AZ MAR - CONF1;501;s;#N/D
5490E;AKERSOLUTIONS -  JAQUETA - POLICEDROBRIM SUPER 1052 VERMELHO  - CONF1;500;s;#N/D
5499D;LORRATEA - JAQUETA - UNITEX 5018 AZ / 5009 CZA - CONF1;500;s;#N/D
5501ZZ;ALE - CALCA PISTA MASCULINA - PLYCOTTON LEVE  5229 MARINHO - CONF;101;s;#N/D
5502ZZ;ALE - CAMISA FRENTISTA MASC - CEDROFIL 5228 MARINHO - CONF;201;s;#N/D
5503ZZ;ALE - JAQUETA - UNILESTER 2046 -  CONF;500;s;#N/D
5504ZZ;ALE - CAMISA FRENTISTA FEM - CEDROFIL 5302 AZ CELESTE - CONF;201;s;#N/D
5505ZZ;ALE - CALCA PISTA FEMININA - POLYCOTTON LEVE 5229 MARINHO - CONF1;105;s;#N/D
5506ZZ;ALE - BERMUDA MEIO ELAST - POLYCOTTON LEVE 5229 MARINHO - CONF;111;s;#N/D
5511E;NB - JAQUETA REVERSIVEL - NYLON PARAQ 17 PRETO - CONF1;500;s;#N/D
5512E;NB - JAQUETA REVERSIVEL - NYLON PARAQ 17 PRETO - CONF1;500;s;#N/D
5518E;POSTO APOLO - JAQUETA - NYLON PARAQ 12 VERMELHO - CONF1;500;s;#N/D
5524E;NB - JAQUETA REVERSIVEL - NYLON PARAQ 17 PRETO - CONF1AA;500;s;#N/D
5525E;NB - JAQUETA - DOPTEL 001-21 PRETO PRETO - CONF1;500;s;#N/D
5526E;BIANCHINI - JAQUETA RETARD - UNIFORTE PRO FR 1014 AZ RY - CONF1;509;s;#N/D
5531D;CAAL - JAQUETA UNISSEX - NYLON PARAQUEDAS 11 AZ - CONF1;500;s;#N/D
5536E;PACKEM - PARKA -  AUSTRALIA REPEL A AGUA 009-21 PTO - CONF1;501;s;#N/D
5540B;BALTT - JAQUETA - NYLON PARAQ 31 CINZA - CONF1;500;s;#N/D
5541E;MS - JAQUETA UNISSEX - NYLON PARAQ 12 VERMELHO - CONF1;500;s;#N/D
5542E;AES URUGUAIANA - JAQUETA RETARD - UNIFORTE FR 1009 CZ - CONF1AA;509;s;#N/D
5544C;SAO CIRO -  JAQUETA - DOPTEL 001-21 PRETO - CONF;500;s;#N/D
5557E;CORTEVA -  JAQUETA - UNIFORTE 1014 AZ RY - CONF1;500;s;#N/D
5562B;POSTO GALO - JAQUETA - UNILESTER 2018 AZ MARINHO - CONF;500;s;#N/D
5564E;3 TENTOS -  JAQUETA GOLA ESP -  UNIFORTE 1018 AZ MARINHO - CONF1;500;s;#N/D
5565E;MUNDIAL - PARKA - NYLON CAPA PRETO - CONF1;501;s;#N/D
5566E;NB - JAQUETA -  DOPTEL 001-21 PRETO - CONF1;500;s;#N/D
5570E;REDE HG  - PARKA - CEDROBRIM DRILL 8048  CINZA - CONF1;501;s;#N/D
5572E;MARCOS SALVADOR - PARKA - NYLON PARAQ PRETO - CONF1;501;s;#N/D
5576E;CONTITECH - PARKA - NYLON PARAQ 16 MARINHO - CONF1;501;s;#N/D
5577E;AKERSOLUTIONS -  JAQUETA FEM - POLYCEDROBRIM SUPER 1052 - CONF1;500;s;#N/D
5584E;SETUP - PARKA - NYLON PARAQ 031 CINZA - CONF1;501;s;#N/D
5586E;RANDON - JAQUETA RETARD - UNISAFE SLIM 1018 AZ MARINH - CONF1;500;s;#N/D
5589E;AKERSOLUTIONS -  JAQUETA - POLYCEDROBRIM SUPER 1052 VERMELHO  - CONF1;500;s;#N/D
5598E;LIQUIGAS - PARKA - POLYCEDOBRIM 4167 VERDE BANDEIRA - CONF1;501;s;#N/D
5607E;POSTO O CUPIM - JAQUETA - NYLON CHINES 513 CINZA - CONF1;500;s;#N/D
5620E;POSTO VITORIA - JAQUETA - NYLON PARAQ 12 VERM - CONF1;500;s;#N/D
5623C;EBR -  JAQUETA - UNIVERSAL  1014 AZ RY CONF1 - AA;500;s;#N/D
5626E;MELITTA -  JAQUETA - JET TEL PLUS 26 CAQUI - CONF1;500;s;#N/D
5628E;FITAZUL - JAQUETA - POLYCEDROBRIM SUPER 5228 AZUL - CONF1;500;s;#N/D
5631E;JTI -  JAQUETA - OXFORD STRECH TINTO 900084 PRETO - CONF1;500;s;#N/D
5632E;JTI -  JAQUETA FEM - OXFORD STRECH TINTO 900084 PRETO - CONF1;500;s;#N/D
5639E;PETROBRAS - JAQUETA - UNILESTER SOFT 2050 CINZA - CONF1;500;s;#N/D
5661D;FIBRAPLAC -  JAQUETA GOLA ESP - NYLON PARAQUEDAS 17 PTO - CONF1;500;s;#N/D
5661E;AEM - PARKA - NYLON CAPA IMPERMEAVEL AZ MARINHO - CONF1;501;s;#N/D
5667E;V E P - JAQUETA - UNILESTER 2018 MARINHO - CONF1;500;s;#N/D
5668E;RRC -  PARKA - NYLON CAPA 524 CHUMBO  - CONF1;501;s;#N/D
5669D;COOP DE DISTRIBUICAO - JAQUETA - UNIFORTE FR 1009 CINZA - CONF1;509;s;#N/D
5670E;TURBO DIESEL - JAQUETA - NYLON PARAQ 12 VERMELHO - CONF1;500;s;#N/D
5684E;MASTERTEC - PARKA - NYLON PARAQ 16 MARINHO - CONF1;501;s;#N/D
5685E;AKERSOLUTIONS -  JAQUETA FEM - POLYCEDROBRIM SUPER 1052 VERM  - CONF1;500;s;#N/D
5689E;POSTO GALO - JAQUETA - UNITECH 5264 VERMELHO - CONF1;500;s;#N/D
5697C;VINICOLA AURORA - NYLON PARAQ 22 CINZA CHUMBO - CONF;500;s;#N/D
5712C;ARCO GAS - PARKA - POLYCEDROBRIM SUPER 5098 AZ RY - CONF1;500;s;#N/D
5712E;CGB - PARKA - NYLON PARAQ 16 MARINHO - CONF1;501;s;#N/D
5719E;PACKEM - PARKA FEM  -  AUSTRALIA REPEL A AGUA 009-21 PTO - CONF1;501;s;#N/D
5720E;AMPLA -  JAQUETA GOLA ESP -  UNIFORTE 1018 AZ MARINHO - CONF1;500;s;#N/D
5723E;CATALLINI - PARKA - UNIFORTE 1244 MARINHO - CONF1;501;s;#N/D
5741E;MARIA LIGIA - JAQUETA - NYLON PARAQUEDAS 23 VERDE - CONF1;500;s;#N/D
5749E;REDE SETEE - JAQUETA - JET TEL 017 PRETO - CONF1;500;s;#N/D
5756E;SUL GAS - JAQUETA - NYLON PARAQ 12 VERMELHO - CONF1;500;s;#N/D
5761E;ABAST BUTIA -JAQUETA MASC - NYLON 100  COST 5 X 5 16 PTO - CONF1;505;s;#N/D
5769E;EXATRON - JAQUETA MASC - NYLON 100  COSTURA 5 X 5 33 AZ MARINHO- CONF1;505;s;#N/D
5790E;CARLOS - JAQUETA - NYLON PARAQUEDAS 17 PRETO - CONF1;500;s;#N/D
5793E;ABB - JAQUETA - NYLON PARAQ 17 PRETO - CONF1;500;s;#N/D
5804D;LSL TRANS -  JAQUETA - MED ESP - UNILESTER PLUS 2008 AZ MAR - CONF1;500;s;#N/D
5805C;GAR SIQUEIRA - JAQUETA - UNILESTER PLUS 2018 AZ MARINHO - CONF;500;s;#N/D
5808E;MASCARELLO -  JAQUETA - NYLON 100 COST 26010 PRETO - CONF1;505;s;#N/D
5809E;MASCARELLO -  JAQUETA FEM - NYLON 100 COST 26010 PRETO - CONF1;508;s;#N/D
5814E;EQUATORIAL - PARKA - NYLON PARAQ 16 MARINHO - CONF1;501;s;#N/D
5815E;PREF POA - JAQUETA GOLA ESPORTE - UNIVERSAL 1414 - CONF1;500;s;#N/D
5823D;REDE BAP - JAQUETA UNISSEX - NYLON PARAQ 12 VERMELHO - CONF1;500;s;#N/D
5827E;JAIC - JAQUETA - UNILESTER 2014 AZ RY - CONF1;500;s;#N/D
5835E;POSTO APOLO - JAQUETA - NYLON PARAQ  12 VERMELHO - CONF1;500;s;#N/D
5836E;POSTO APOLO - JAQUETA - NYLON PARAQ 17 PRETO - CONF1;500;s;#N/D
5837E;PLANENG - JAQUETA RETARD A CHAMAS - UNIFORTE PRO FR 1018 MARIN - CONF1;509;s;#N/D
5838D;WORLEY - PARKA - UNIVERSAL1232 LARANJA - CONF1;501;s;#N/D
5838E;CARGOLIFT -  PARKA - NYLON PARAQ 12 VERM - CONF1;501;s;#N/D
5841E;COMIL -  JAQUETA - NYLON 100 COST 26010 PRETO - CONF1;505;s;#N/D
5844B;HP ENGENHARIA - JAQUETA - CEDROPAC II 5228 MARINHO - CONF1;500;s;#N/D
5844D;JP STA LUCIA - JAQUETA UNISSEX - NYLON PARAQ 24 LARANJA - CONF1;500;s;#N/D
5847C;GAR SIQUEIRA - JAQUETA FEM - UNILESTER PLUS 2018 AZ MARINHO - CONF;500;s;#N/D
5851E;COMIL - JAQUETA FEM - NYLON 100  COSTURA 5 X 5 16 PRETA - CONF1;508;s;#N/D
5853E;MJ - JAQUETA - 100 PES PVC REPELENT 04 ROYAL - CONF1;500;s;#N/D
5855E;CENTER CORAL - CENTER CORA - PARKA UNILESTER 2016 PRETO - CONF1;501;s;#N/D
5856E;CENTER CORAL - CENTER CORA - PARKA UNILESTER 2001 BRANCO - CONF1;501;s;#N/D
5857C;MULTIPETRO - JAQUETA - UNIFORTE 1018 AZ - CONF;500;s;#N/D
5858B;GOLD POSTOS - JAQUETA - NYLON PARAQ 12 - CONF;500;s;#N/D
5859E;SPRINGER - PARKA - AUSTRALIA REPEL A AGUA 001-1222 MARINHO - CONF1;501;s;#N/D
5860E;SPRINGER - PARKA - NYLON 100 17 PRETO - CONF1;501;s;#N/D
5865E;JOCKEY - JAQUETA RTRD A CHAM - UNISAFE SLIM 1018 MARINH- CONF1;509;s;#N/D
5866E;NB - JAQUETA REVERSIVEL - NYLON PARAQ 31 CINZA - CONF1;500;s;#N/D
5867E;QUALITY - JAQUETA - CITBRIM 5523  VERMELHO - CONF1;500;s;#N/D
5868E;CENCI - JAQUETA FEM -  AUSTRALIA REPEL A AGUA 009-21 PRETO - CONF1;500;s;#N/D
5869E;SORVELANDIA -  PARKA - DOPTEL PLUS 001-21 PRETO - CONF1;501;s;#N/D
5870E;SORVELANDIA -  PARKA FEM - DOPTEL PLUS 001-21 PRETO - CONF1;501;s;#N/D
5871E;SORVELANDIA - JAQUETA MASC - NYLON 100  COST 5 X 5 16 PRETA - CONF1;505;s;#N/D
5872E;SORVELANDIA - JAQUETA FEM - NYLON 100  COST 5 X 5 16 PRETA - CONF1;505;s;#N/D
5874E;CHARRUA - JAQUETA  - UNITECH 5009 CINZA - CONF1;500;s;#N/D
5876D;MAGIUS -  JAQUETA GOLA ESPORTE ESPEC - UNIFORTE 1018 AZ MAR - CONF1;500;s;#N/D
5876E;NB - JAQUETA - DOPTEL PLUS 001-021 PRETO - CONF1;500;s;#N/D
5878E;POSTO APOLO - JAQUETA - NYLON PARAQ  12 VERMELHO - CONF1;500;s;#N/D
5879D;MOA MANUTENCAO  - JAQUETA GOLA ESPORTE -  OXFORD PRETO - CONF1;500;s;#N/D
5879E;ANDRESSA - PARKA - NYLON PARAQ 17 PRETO - CONF1;501;s;#N/D
5880E;LAPPA ENGENHARIA - JAQUETA - NYLON PARAQ RESINADO II 17 PRETO - CONF1;500;s;#N/D
5881E;POSTO ZOOLOGICO - JAQUETA - NYLON PARAQ 12 VERMELHO - CONF1;500;s;#N/D
5886E;POSTO 4 ILHAS - JAQUETA - NYLON PARAQUEDAS 17 PRETO - CONF1;500;s;#N/D
5887E;ARCO GAS - PARKA - POLYCEDROMBRIM SUPER 4167 VERDE - CONF1;500;s;#N/D
5888E;ARCO GAS - JAQUETA - UNIFORTE 1009 CINZA - CONF1;500;s;#N/D
5889E;POSTO HORIZONTE - JAQUETA - UNILESTER 2014 AZ RY - CONF1;500;s;#N/D
5890E;BRS INDUSTRIA  -  PARKA - NYLON PARAQ 16 MARINHO - CONF1;501;s;#N/D
5893E;JP SANTA LUCIA - PARKA - NYLON PARAQ 24 LARANJA - CONF1;501;s;#N/D
5896E;JP SANTA LUCIA - PARKA - NYLON PARAQ 17 PRETO - CONF1;501;s;#N/D
5897E;TURBO DIESEL - JAQUETA MASCULINA - NYLON PARAQUEDAS 17 PRETO - CONF1;500;s;#N/D
5899E;CORREIA RICARDO - JAQUETA - NYLON PARAQ 12 VERMELHO - CONF1;500;s;#N/D
5900B;FLAVIA SCHINEIDER - JAQUETA - NYLON PARAQ 16 - CONF;500;s;#N/D
5900E;CAAL - JAQUETA ANTICHAMAS - CEDROTECH FR 8047 CINZA - CONF1;509;s;#N/D
5901E;CAAL -  JAQUETA GOLA ESP - CEDROBIM SUPER 8053 VERDE - CONF1;500;s;#N/D
5902E;CAAL - JAQUETA - CEDROPAC II 5228  MARINHO - CONF1;500;s;#N/D
5902ZZ;BUFFON - CAMISETE OPER FEM MC - UNIOFFICE 3004 - CONF;204;s;#N/D
5903E;TREINO COM COMB - PARKA - NYLON PARAQ 17 PRETO - CONF1;501;s;#N/D
5904E;V E P - JAQUETA FEMININA - UNILESTER 2018 MARINHO - CONF1;500;s;#N/D
5905E;JACKSON -  PARKA - NYLON PARAQ 17 PTO - CONF1;501;s;#N/D
5909E;SORVELANDIA -  PARKA - DOPTEL PLUS 001-21 PRETO - CONF1;501;s;#N/D
5910E;SORVELANDIA -  PARKA FEM - DOPTEL PLUS 001-21 PRETO - CONF1;501;s;#N/D
5911E;SORVELANDIA -  PARKA - DOPTEL PLUS 001-21 PRETO - CONF1;501;s;#N/D
5912E;POSTO MATINHOS - JAQUETA - POLYCOTTON 0001 PRETO - CONF1;500;s;#N/D
5915D;JP STA LUCIA - JAQUETA UNISSEX - NYLON PARAQ 24 LARANJA - CONF1;500;s;#N/D
5915E;SJP - JAQUETA - NYLON 100 26010 LISTRADO PRETO - CONF1;505;s;#N/D
5916E;SJP - JAQUETA FEMININA - NYLON 100 26010 LISTRADO PRETO - CONF1;505;s;#N/D
5918E;BELEBAS - JAQUETA FEMININA - NYLON 100  COSTURA 5 X 5 16 PRETA - CONF1;508;s;#N/D
5919E;BELEBAS - JAQUETA MASC - NYLON 100  COSTURA 5 X 5 16 PRETA - CONF1;32;s;#N/D
5921E;RALPHA POSTOS - PARKA - NYLON PARAQ 16 MARINHO - CONF1;501;s;#N/D
5922E;RALPHA POSTOS - PARKA - NYLON PARAQ 16 MARINHO - CONF1;501;s;#N/D
5926E;PARANAEDUCACAO -  PARKA - NYLON PARAQ 31 CINZA;501;s;#N/D
5929E;POSTO FERNANDINHO - PARKA - NYLON PARAQ 31 CINZA - CONF1;501;s;#N/D
5930E;ROTA INOX - JAQUETA - NYLON PARAQ 16 AZ MR - CONF;501;s;#N/D
5931E;WHIRPOOL - JAQUETA RETARD A CHAMAS -  UNISAFE SLIM 1018 MARIN - CONF1;509;s;#N/D
5933E;COPAT - JAQUETA MASC - NYLON 100  COSTURA 5 X 5 16 PRETA - CONF1;505;s;#N/D
5934D;JOSAPAR - JAQUETA RETARD A CHAMAS - UNIFORTE PRO FR 1009 CZ - CONF1;509;s;#N/D
5935E;POSRO SAN JENARO -  JAQUETA - NYLON PARAQ 16 MARINHO - CONF1;500;s;#N/D
5936E;GRAN PETRO -  PARKA - CEDROBRIM SUPER 8047 CZ - CONF1;501;s;#N/D
5937E;POSTO NACOES  -  PARKA  - POLYCOTTON MAIS 5228 MARINHO - CONF1;501;s;#N/D
5939E;TURBO DIESEL - JAQUETA FEMININA - NYLON PARAQUEDAS 17 PRETO - CONF1;500;s;#N/D
5942E;BELEBAS -  PARKA - NYLON PARAQ 17 PTO - CONF1;501;s;#N/D
5943E;COMERCIAL DIP - JAQUETA - NYLON PARAQ 17 PRETO - CONF1;500;s;#N/D
5944C;SAO CARLOS -  JAQUETA - NEWBRIM 5255 AZ ROYAL - CONF1;500;s;#N/D
5946E;PAOLA - JAQUETA FEM - UNILESTER 2261 VD - CONF1;500;s;#N/D
5947E;SILSO MORO - JAQUETA - NYLON PARAQ 16 MARINHO;501;s;#N/D
5952E;HYDROCOM  -  JAQUETA - NYLON PARAQ 16 MARINHO - CONF1;500;s;#N/D
5953E;MAREL BRASIL  - JAQUETA - NYLON PARAQ 16 AZ MR - CONF1;501;s;#N/D
5955E;FLAVIO - JAQUETA  - NYLON PARAQUEDAS 17 PRETO - CONF1;500;s;#N/D
5956E;FLAVIO - JAQUETA  - NYLON PARAQUEDAS 12 VERM - CONF1;500;s;#N/D
5960E;WC POSTOS - JAQUETA - UNILESTER FIT 2018 MARINHO - CONF1;501;s;#N/D
5961E;POSTO O CUPIM - JAQUETA - NYLON CHINES 520 VERDE MUSGO - CONF1;500;s;#N/D
5962C;HAFELE - JAQUETA GOLA ESPORTE - NYLON PARAQ 17 PRETO - CONF;500;s;#N/D
5962E;POSTO SAO BENTO -  PARKA - CEDROBRIM SUPER 8047 CZ;501;s;#N/D
5963E;RST -  JAQUETA - NYLON PARAQ 16 MARINHO - CONF1;500;s;#N/D
5964E;MASTER DIESEL - JAQUETA - NYLON 100  COSTURA 5 X 5 16 PRETA - CONF1;505;s;#N/D
5967E;PAULO MOREIRA -  JAQUETA - NYLON PARAQ 17 PTO;500;s;#N/D
5968E;SUL COMB - PARKA - NYLON PARAQ 24 LARANJA - CONF1AA;501;s;#N/D
5969E;SUL COMB - PARKA - NYLON PARAQ 17 PRETO - CONF1;501;s;#N/D
5970E;HYDROCOM  -  JAQUETA - NYLON PARAQ 16 MARINHO - CONF1;500;s;#N/D
5975E;WEG - PARKA FEM - NYLON PARAQUEDAS 31 CINZA - CONF1;501;s;#N/D
5977C;EBR -  JAQUETA - CEDROBRIM SUPER 1052 VERM - CONF1 AA;500;s;#N/D
5978C;EBR -  JAQUETA - UNIVERSAL 1001 BRANCO - CONF1;500;s;#N/D
5978E;ABAST GM - PARKA - POLYCEDROBRIM SUPER 0001 PTO - CONF1;501;s;#N/D
5979E;RAZZO - JAQUETA RETARD - UNISAFE SLIM 1018 MARINHO - CONF1;509;s;#N/D
5981D;ROTA 239 -  JAQUETA - NYLON PARAQ 12 VERMELHO - CONF1;500;s;#N/D
5982E;PREF VENAN AIRES - JAQUETA RET CHAMAS - UNIFORTE FR 1009;509;s;#N/D
5983E;MANUCHAR -  JAQUETA - NYLON PARAQUEDAS 17 PRETO - CONF1;500;s;#N/D
5985E;ELISIANE  - JAQUETA - NYLON PARAQUEDAS 16 AZ MAR - CONF1;501;s;#N/D
5991E;FLORYBAL -  JAQUETA - NYLON PARAQ 17 PRETO - CONF1;500;s;#N/D
5992E;AUTO POSTO TRES - JAQUETA - UNILESTER 2018 MARINHO;500;s;#N/D
5994E;AUTO POSTO TRES -  JAQUETA - NYLON PARAQ 12 VERMELHO - CONF1;500;s;#N/D
5995D;CAAL - JAQUETA - UNSOFT 1021 CAQUI - CONF1;500;s;#N/D
5997E;BRUNO - JAQUETA - NYLON PARAQ 12 VERMELHO - CONF1;500;s;#N/D
5998E;POSTO QUALITY - JAQUETA - POLYCEDROBRIM SUPER 8053 CINZA - CONF1;500;s;#N/D
5999C;REDE BANDEIRA - JAQUETA - UNITEX 5064 VERDE - CONF;500;s;#N/D
5999E;ECOPINUS - JAQUETA - NYLON PARAQ 17 PRETO - CONF1;500;s;#N/D
6013K;EUROPAN - CAMISETA GOLA POLO MC - PIQUET PV 09 PRETO - CONF1AA;602;s;#N/D
6027N;CAMILA - BABY LOOK GOLA RED MC - POLIVIS COM ELAST BRANCO - CONF1;604;s;#N/D
6029L;IRMAOS STOBIENIA - CAMISETA GOLA RED MC -  POLIVIS 034 VERDE - CONF1;602;s;#N/D
6038E;KISNER - CAMISETA GOLA RED MC - PV 094 CZ CHUMBO - CONF;600;s;#N/D
6050J;REDE HG -  BABY GOLA POLO MC - PIQUET PA 025 AREIA ETALAN - CONF1;606;s;#N/D
6063M;JA DE MATOS -  CAMISETA GOLA POLO MC - PIQUET PA 130 AZ MARINH - CONF1;602;s;#N/D
6064M;JA DEMATOS - CAMISETA GOLA RED MC - POLVISC 130 AZ MARIN - CONF1;600;s;#N/D
6079M;RANDON - CAMISETA RED MC - MED ESP - MALHA ALG 30-1CARD 101 AZ CEU;600;s;#N/D
6087F;TERRAP SAO CIRO -  CAMISETA GOLA POLO MC - PIQUET PA 093 AZ RY - CONF;602;s;#N/D
6087G;MET BASSO - CAMISETA GOLA RED MC - POLIVIS 070 CONCRETO - CONF1;600;s;#N/D
6089L;DALLE - CAMISETA GOLA RED ML - CONST - PV 039 MESCLA - CONF1AA;600;s;#N/D
6101ZZ;CAMISETA GOLA POLO FRENTISTA MC;602;s;#N/D
6102L;POSTO PRAIA SANTA - CAMISETA GOLA RED MC - POLIVIS 070 CONCRET - CONF1;600;s;#N/D
6104ZZ;JAQUETA UNISSEX - NYLON PARAQ 12 VERMELHO - CONF;500;s;#N/D
6105ZZ;CAMISETE GERENTE MC - CONF;204;s;#N/D
6106ZZ;CAMISETE GERENTE ML - CONF;204;s;#N/D
6107ZZ;CAMISA GERENTE ML - CONF;203;s;#N/D
6108N;TECMESTEEL -  CAMISETA GOLA RED MC - MED ESP - POLIVIS 016 MAR - CONF1;600;s;#N/D
6111ZZ;CALCA FEM - UNILESTER 2050 CZ - CONF;106;s;#N/D
6115ZZ;CALCA MEIO ELAST FEM- UNILESTER SOFT 2016 PRETO - CONF;101;s;#N/D
6116ZZ;CALCA MEIO ELAST - UNILESTER SOFT 2016 PRETO - CONF;101;s;#N/D
6119N;CENCI - CAMISETA GOLA RED MC - POLIVIS 1010 MESCLA - CONF1;600;s;#N/D
6119ZZ;AVENTAL - UNILESTER SOFT 2016 PRETO - CONF;915;s;#N/D
6131ZZ;CAMISETE SOCIAL OPERACIONAL MC - PRO FIT 001-021  PRETO - CONF1;204;s;#N/D
6132ZZ;CAMISA SOCIAL MASC ML - CEDROFILL 001 PRETO - CONF1;203;s;#N/D
6134ZZ;JAQUETA PRETA SHELL - NYLON PARAQUEDAS 17 PRETO - CONF;500;s;#N/D
6135M;POSTO DUQUE - CAMISETA GOLA POLO MC - POLIVIS 039 CZ - CONF1;602;s;#N/D
6135ZZ;MOLETOM FEMININO - FLANELADO 078 VERM - CONF1;914;s;#N/D
6139ZZ;CAMISA OPER MC - CEDROFIL 002 BCO - CONF1;203;s;#N/D
6140ZZ;CAMISETE OPER MC - CEDROFIL 002 BCO - CONF1;204;s;#N/D
6142M;HJJ -  BABY GOLA POLO MC - PIQUET PA 130 MARINHO - CONF1;606;s;#N/D
6142ZZ;BABY LOOK GOLA POLO ML -  PIQUET PA 001 BCO - CONF1;602;s;#N/D
6143ZZ;BABY LOOK GOLA POLO MC - PIQUET PV 9 PRETO - CONF;602;s;#N/D
6152I;HUMATECH - CAMISETA GOLA RED MC - POLIVISCOSE 014 PTO - CONF1;600;s;#N/D
6170J;PMI - CAMISETA GOLA RED ML - POLIVIS 001 BRANCO JAVANESA - CONF1;600;s;#N/D
6170M;HERCULES - BABY GOLA POLO MC - PIQUET PA 130 MARINHO - CONF1;606;s;#N/D
6172N;ROTENGE - CAMISETA GOLA RED ML - POLIVIS 025 CINZA - CONF1;600;s;#N/D
6173N;EATON -  CAMISETA GOLA POLO MC - POLIVI 107 VERDE MUSGO - CONF1;602;s;#N/D
6177M;MATRIX -  CAMISETA GOLA RED MC - POLIVIS 039 MESCLA - CONF1;600;s;#N/D
6182E;MET MOR - CAMISETA GOLA V MC - PV 012 VERMELHO - CONFAA;603;s;#N/D
6184N;MASTER - CAMISETA GOLA RED MC - MALHA ALG 30-1CARD 101 AZ CEU - CONF1;600;s;#N/D
6189H;POSTO CARESTIATO -  CAMISETA GOLA POLO MC - PIQUET PA 178 VERM - CONF1;602;s;#N/D
6189I;PAEMA - CAMISETA GOLA POLO ML - POLIVIS 016 AZ MAR - CONF1AA;602;s;#N/D
6191I;BOA ESPERANCA - CAMISA POLO MC - PIQUET PA 001 BCO ETAL - CONF1;602;s;#N/D
6195K;JA LIMA - CAMISETA GOLA POLO MC - POLIVIS 014 PRETO;602;s;#N/D
6205K;AB COMERCIO -  CAMISETA GOLA POLO MC - PIQUET PA 032 AZ BEBE - CONF1;602;s;#N/D
6206D;AUTO POSTO PETROBRASILIA - BABY  GOLA POLO MC- PIQUET PV 04 VD - CONF1;606;s;#N/D
6209L;POSTO JACARE - CAMISETA POLO MC -  PIQUET PA 001 BCO - CONF1;602;s;#N/D
6218L;POSTO SAN DEJARO - CAMISETA POLO MC - PIQUET PA 130 MARIN - CONF1;602;s;#N/D
6222N;CHRIS CINTOS -  CAMISETA GOLA RED MC - POLIVIS 092-COBALTO - CONF1;600;s;#N/D
6239K;HUMATECH -  CAMISETA GOLA POLO MC - PIQUET PV 9E FIAC - CONF1;602;s;#N/D
6244M;CORTEVA - BABY POLO MC - MALHA PIQUET PV 012 VERM - CONF 1;606;s;#N/D
6244N;TUMELERO -  CAMISETA GOLA RED MC - POLIVIS 036 CHUMBO - CONF1;600;s;#N/D
6263M;POSTO MANFRIM - CAMISETA POLO MC - PIQUT PA 178 VERM - CONF1;602;s;#N/D
6268H;VIEMAR - CAMISETA GOLA RED MC - POLIVIS 094 CHUMBO - CONF1;600;s;#N/D
6269L;HOERLLE E ASSUMPCAO -  CAMISETA POLO MC - POLIVISCOSE 014 PTO - CONF1;602;s;#N/D
6270A;AGRALE - CAMISETA GOLA V MC - BRIGADA - POLI 039 MESCLA - CONF1;603;s;#N/D
6272N;FUND STA TEREZINHA - CAMISETA GOLA RED MC - POLIVIS 036 CHUMBO - CONF1;600;s;#N/D
6275M;NBTECH - CAMISETA GOLA V  MC - POLIVIS 015 AZ RY - CONF1;603;s;#N/D
6275N;PARANA EDUCACAO - CAMISETA GOLA RED ML - POLIVIS 015 AZ RY - CONF1;600;s;#N/D
6277N;PARANA EDUCACAO - CAMISETA GOLA POLO MC - POLIVIS 030 CZ CLARO - CONF1;600;s;#N/D
6280M;POSTO JACARE - CAMISETA GOLA POLO MC -  PIQUET PV 9 PRETO - CONF1;602;s;#N/D
6280N;MASCARELLO - 6903M-EXXG -CAMISETA GOL RED ML - POLIV 012 VERM - CONF1;600;s;#N/D
6281N;PEDRO LESSA - CAMISETA GOLA RED MC - ALG 30-1CARD 015 AZ RY - CONF1;600;s;#N/D
6282M;CINADIS -  CAMISETA GOLA POLO MC - PIQUET PA 061 PRETO - CONF1;602;s;#N/D
6283H;MASTER - CAMISETA GOLA POLO MC - MALHA PIQUET PA 178 VERM - CONF1;602;s;#N/D
6284M;JTI -  BABY GOLA POLO MC - PIOQUET PA 130 MARIN - CONF1;606;s;#N/D
6286N;RANDON - CAMISETA RED MC - MED ESP - ALG 30-1CARD 101 AZ CEU - CONF1;600;s;#N/D
6302A;REFL UNIDOS - CAMISETA GOLA RED MC - PV 86 AZ TURQUESA - CONF;600;s;#N/D
6305M;INTRAL - CAMISETA GOLA V  MC - POLIVISCOSE 010 AREIA - CONF1;603;s;#N/D
6306L;SCHNEIDER - CAMISETA GOLA POLO MC - PIQUET PA 061 PRETO - CONF1;602;s;#N/D
6317L;VIEMAR - BABY LOOK GOLA POLO MC - PIQUET PV 034 VD - CONF1;606;s;#N/D
6327M;EATON -  CAMISETA GOLA RED MC - POLIVIS 996 MESCLA - CONF1;600;s;#N/D
6331C;EIDT CIRIEX - BABY GOLA POLO MC - PIQUET PV 182 CZ;602;s;#N/D
6353L;CMI BRASIL -  BABY GOLA POLO MC - PIQUET PA 061 PTO - CONF1;606;s;#N/D
6361A;SCHIMITT - CAMISETA GOLA RED MC - PV 8 MESCLA - CONF;600;s;#N/D
6364G;LINTEC - CAMISETA GOLA V  MC - POLIVIS 039 MESCLA - CONF;603;s;#N/D
6366M;GRAMADO TERMAS -  CAMISETA GOLA POLO MC - PIQUET PV 015 AZ - CONF1;602;s;#N/D
6368H;AGUIA SISTEMAS -  CAMISETA POLO MC - MALHA PIQUET PA 101 AZUL  - CONF1;602;s;#N/D
6371M;REDE SETEE -  CAMISETA GOLA RED MC  ALG 30-1CARD 230 ALUMINIO - CONF1;600;s;#N/D
6373L;INOVACAO INDUSTRIAL - CAMISETA GOLA RED ML - POLIVIS 015 AZ RY - CONF1;600;s;#N/D
6375C;RAM - CAMISETA GOLA RED MC - ALG 24-1 079 VERM - CONF1;905;s;#N/D
6376K;CMI BRASIL -  CAMISETA GOLA POLO MC - PIQUET PA 061 PTO - CONF1;602;s;#N/D
6382M;CATTALINI CAMISETA GOLA RED ML - ALG 30-1CARD 094 CHUMBO - CONF1;600;s;#N/D
6383M;EATON - CAMISETA GOLA RED MC - MED ESP - POLIVIS 015 AZ.RY -  CONF1;600;s;#N/D
6387H;VIEZZER - CAMISETA GOLA RED MC - MALHA  POLIVISCOSE 034 VERDE - CONF1;600;s;#N/D
6390M;BRAMETAL -  CAMISETA GOLA POLO MC - POLIVIS 034 VERDE - CONF1;602;s;#N/D
6391M;BRAMETAL -  CAMISETA GOLA POLO ML - POLIVIS 034 VERDE - CONF1;600;s;#N/D
6398C;DASS - CAMISETA GOLA V MC - POLIVISCOSE 015 AZ ROYAL - CONF1;603;s;#N/D
6402M;AGRO PERTENCES - CAMISETA GOLA RED MC - MED ESP - PV 019 MAR - CONF1;600;s;#N/D
6404K;ERACI JOSE -  CAMISETA GOLA POLO MC - PIQUET PA 061 PRETO - CONF1;602;s;#N/D
6405L;POSTO APOLO -  CAMISETA GOLA POLO MC - PIQUET PV 012 VERMELHO - CONF1;602;s;#N/D
6419G;REDE BAP - CAMISETA  GOLA POLO MC - PIQUET PA 178 VERM - CONF;602;s;#N/D
6425I;POSTO COMB FT  -  CAMISETA GOLA POLO MC - PIQUET PA 094 CHUMBO - CONF1;602;s;#N/D
6426M;NEWSUL -  CAMISETA GOLA RED ML - POLIVIS 016 MARINHO - CONF1;600;s;#N/D
6435I;EATON - CAMISETA GOLA RED MC - POLIVIS 035 AMARELO - CONF1AA;600;s;#N/D
6437J;POSTO GUARAPARI -  CAMISETA POLO MC - PIQUET PA 8025 PRATA - CONF1;602;s;#N/D
6437M;EATON -  CAMISETA GOLA POLO MC - POLIVIS 012 VERM - CONF1;602;s;#N/D
6440M;POSTO BOM PRINCIPIO - CAMISETA POLO MC - PIQUET PA 178 VERM - CONF1;602;s;#N/D
6443J;EATON - CAMISETA GOLA RED MC - MALHA POLI - 015 AZ.RY -  CONF1 AA;600;s;#N/D
6443L;ARAUJO E PORTELA -BABY LOOK GOL POLO MC - PIQUET PA 025 AREIA - CONF1;606;s;#N/D
6445L;BABY GOLA POLO MC - PIQUET PV 3 AZ RY - CONF1;606;s;#N/D
6446L;BABY GOLA POLO MC - PIQUET PV 185 LARANJA  - CONF1;606;s;#N/D
6451L;ARAUJO E PORTELA - BABY LOOK GOL POLO ML - PIQUET PA 025 AREIA - CONF1;606;s;#N/D
6452L;ARAUJO E PORTELA -  CAMISETA GOL POLO MC - PIQUET PA 025 AREIA - CONF1;602;s;#N/D
6455J;COPAT - CAMISETA GOLA RED MC - POLIVIS 015 RY - CONF1;600;s;#N/D
6455L;BABY LOOK GOLA POLO MC - PIQUET PV 020 BORDO - CONF1;606;s;#N/D
6479M;YARA - CAMISETA  POLO MC - PIQUET PA 130 MARINHO- CONF1;602;s;#N/D
6492E;PLACICAR - CAMISETA GOLA RED MC - POLIVISCOSE 014 PRETO - CONF1;600;s;#N/D
6500L;CINADIS -  CAMISETA GOLA POLO MC - PIQUET PA 061 PRETO - CONF1;602;s;#N/D
6502L;CINADIS -  CAMISETA GOLA POLO MC - PIQUET PA 094 CHUMBO - CONF1;602;s;#N/D
6502M;POSTO QUERO QUERO - BABY LOOK POLO MC -  PIQUET PA 178 VERM - CONF1;602;s;#N/D
6502ZZ;ROD OIL - CALCA SOCIAL MASC - UNILESTER FIT 2050 CINZA - CONF1;103;s;#N/D
6503L;CINADIS -  CAMISETA GOLA POLO MC - PIQUET PA 061 PTO - CONF1;602;s;#N/D
6503ZZ;ROD OIL - CALCA SOCIAL FEM - UNILESTER FIT 2050 CINZA - CONF1;106;s;#N/D
6507ZZ;ROD OIL -  CAMISETA GOLA POLO MC - PIQUET PA 178 VERM - CONF1;602;s;#N/D
6508ZZ;ROD OIL -  BABY LOOK GOLA POLO MC - PIQUET PA 178 VERM - CONF1;606;s;#N/D
6510ZZ;ROD OIL -  BABY LOOK GOLA RED MC - POLIVIS 078 VERM - CONF1;604;s;#N/D
6516M;NEWSUL -  CAMISETA GOLA RED ML - POLIVIS 016 MARINHO - CONF1;600;s;#N/D
6519ZZ;ROD OIL - CAMISA OPER MC - DOPFIL 004-9115 CZ MESCLA - CONF1;203;s;#N/D
6521A;ROCA MOVEIS -  CAMISETA POLO MC - PIQUET PA 8025 PRATA - CONF1;602;s;#N/D
6521B;CORD DE SANTANA - CAMISETA GOLA RED ML - POLIVIS 065 VERDE - CONF1;600;s;#N/D
6527ZZ;ROD OIL - BERMUDA MEIO ELAST MASC - UNILIGHT 5006 VERDE - CONF1;110;s;#N/D
6550L;GRAMADO TERMAS -  CAMISETA GOLA POLO MC - PIQUET PV 015 AZ - CONF1;602;s;#N/D
6551L;CINADIS -  CAMISETA GOLA POLO MC - PIQUET PA 061 PRETO - CONF1;602;s;#N/D
6559M;ARARA FLUMINENESE - CAMISETA  POLO MC - PIQUET PA 178 VERM - CONF1;602;s;#N/D
6574L;BENTO SUL -  CAMISETA GOLA POLO MC - PIQUET PA 130 AZ MAR - CONF1;602;s;#N/D
6575M;POSTO CIDADE - CAMISETA GOLA POLO MASC MC - POLIVIS 034 VERDE - CONF1;602;s;#N/D
6592G;GRUPO CHARRUA -  CAMISETA GOLA POLO MC - PIQUET PA 001 BRANCO - CONF;602;s;#N/D
6610I;REDE HG - CAMISETA GOLA RED MC - POLIVISCOSE 015 AZ JAV - CONF1;600;s;#N/D
6610M;TECMESTEEL -  CAMISETA GOLA RED MC - POLIVIS 016 MARINHO - CONF1;600;s;#N/D
6611M;TECMESTEEL -  CAMISETA GOLA POLO MC - PIQUET PA 130 MARINHO - CONF1;602;s;#N/D
6612K;MUNDIAL - CAMISETA GOLA POLO ML - PIQUET PV 182 CINZA - CONF1;602;s;#N/D
6618L;LIBRELATO -  CAMISETA POLO MC - MED ESP - PIQUET PA 130 MARI  - CONF1;602;s;#N/D
6621L;AKER - CAMISETA GOLA POLO MC - MALHA PIQUET PA 078 VERM - CONF1;602;s;#N/D
6624M;SUPREMO - CAMISETA GOLA RED MC - ALG 30-1CARD 0001BRANCO - CONF1;600;s;#N/D
6647M;POSTO BOM PRINCIPIO - BABY POLO MC - PIQUET PA 078 VERM - CONF1;606;s;#N/D
6650L;MARCOS - CAMISETA GOLA RED ML - POLIVIS 230 ALUMINIO - CONF1;600;s;#N/D
6654H;FORMPARTS - CAMISETA POLO MC - MALHA PIQUET PV 020 VINHO  JAV - CONF1;602;s;#N/D
6661L;POSTO ZOOLOGICO - CAMISETA GOLA RED MC - POLIVIS 014 PTO - CONF1;600;s;#N/D
6668M;JTI -  BABY  GOLA POLO MC - PIQUET PA 998 MESCLA - CONF1;606;s;#N/D
6678K;FAZ AGUA VERMELHA - CAMISETA GOLA RED MC - POLIVIS 136 LARANJ  - CONF1;600;s;#N/D
6682M;POSTO VISAO - CAMISETA GOLA POLO MC - PIQUET PA 001 BRANCO - CONF1;602;s;#N/D
6684J;EATON - CAMISETA GOLA RED MC - MED ESP ALG 30-1 PENT 093 AZ RY - CONF1;600;s;#N/D
6702M;CHARRUA -  CAMISETA GOLA POLO ML - PIQUET PA 001 BRANCO - CONF;602;s;#N/D
6708L;ARCO GAS -  CAMISETA GOLA POLO MC - PIQUET PA 7036 VD MOD 4208XX;602;s;#N/D
6716G;REDE MONTEIROS - BABY LOOK POLO MC - PIQUET PA 093 AZ RY - CONF;602;s;#N/D
6721M;POSTO PETROPIRES -  CAMISETA GOLA POLO MC - PIQUET PA 130 MARI - CONF1;602;s;#N/D
6726L;SULPET -  CAMISETA GOLA RED MC - POLIVIS 090 VERDE - CONF1;600;s;#N/D
6730L;EATON - CAMISETA GOLA RED ML - MALHA POLI - 015 AZ.RY -  CONF1;600;s;#N/D
6734M;SAN MARTIN -  CAMISETA GOLA RED MC - MED ESP - POLIVIS 016 MAR- CONF1;600;s;#N/D
6761K;POSTO MAIOCHI - CAMISETA GOLA POLO MC - PIQUET PA 178 VERM - CONF1;602;s;#N/D
6766M;BERNECK SA - CAMISETA GOLA POLO MC - PIQUET PA 001 BRANCO - CONF1;602;s;#N/D
6769M;MARINAS - CAMISETA GOLA POLO MC - PIQUET PA 178 VERM - CONF1;602;s;#N/D
6770E;FAZ AGUA VERMELHA - CAMISETA GOLA RED ML - POLIVIS 136 LARANJ  - CONF1;600;s;#N/D
6778M;JAIC -  CAMISETA GOLA POLO MC - PIQUET PA 001 BRANCO - CONF1;602;s;#N/D
6781J;POSTO RETAO - BABY POLO MC - POLIVIS 012 VERMELHO - CONF1;606;s;#N/D
6781M;JAIC -  CAMISETA GOLA POLO MC - PIQUET PA 093 AZ RY - CONF1;602;s;#N/D
6782I;STATUS RIO AUTO -  CAMISETA GOLA POLO MC - PIQUET PA 061 PRETO - CONF1;602;s;#N/D
6790M;PLASMOSUL -  CAMISETA GOLA RED MC - POLIVIS 001 BRANCO - CONF1;600;s;#N/D
6792J;POSTO RETAO - CAMISETA POLO MC - MED ESP - POLIVIS 012 VERM - CONF1;606;s;#N/D
6793B;COMB LOVATO -  CAMISETA GOLA POLO MC - PV 182 CINZA - CONF1;602;s;#N/D
6802M;CERAMIX - CAMISETA GOLA RED ML - POLIVISCOSE 230 ALUM JAV - CONF1AA;600;s;#N/D
6813J;SANEP - CAMISETA GOLA RED MC - MALHA ALG. 30 1 093 - CONF1;600;s;#N/D
6818L;AGCO -  CAMISETA GOLA POLO MC - POLIVIS 030 CINZA - CONF1;602;s;#N/D
6830M;FREIOS - CAMISETA GOLA RED MC - MED ESP - POLIVIS 093 AZ RY - CONF1;600;s;#N/D
6833I;POSTO MARTINEZ -  CAMISETA GOLA POLO MC - PIQUET PA 093 AZ - CONF1;602;s;#N/D
6843M;AKER -  CAMISETA GOLA RED MC - ALG 3-1CARD 079 VERM - CONF1;600;s;#N/D
6845H;APOLO - BABY LOOK GOLA POLO MC - MALHA PIQUET PV 9 PRETO - CONF1;602;s;#N/D
6852M;ABB WOOD - CAMISETA GOLA POLO MC - PIQUET PA 065 VERDE - CONF1;606;s;#N/D
6855J;ERACI JOSE -  CAMISETA GOLA POLO MC - PIQUET PA 178 VERM - CONF1;602;s;#N/D
6870I;ROBERTO CENCI - CAMISETA GOLA RED MC - POLIVIS 001 BRANCO  - CONF1;600;s;#N/D
6872K;REALIZ - CAMISETA GOLA POLO MC - PV 014 PRETO - CONF1;602;s;#N/D
6873K;REALIZ ENGENHARIA - CAMISETA GOLA RED ML - PV 230 ALUMINIO - CONF1;600;s;#N/D
6873M;POSTO ALMIRANTE - CAMISETA POLO MC - PIQUET PV 130 MARINHO - CONF1;602;s;#N/D
6881L;MASCOR  -  CAMISETA GOLA POLO MC - PIQUET INGLES 66 VERDE - CONF1;602;s;#N/D
6888L;SILVA E FREITA -  CAMISETA GOLA RED MC - POLIVIS 014 PRETO- CONF;600;s;#N/D
6892L;FAMART - CAMISETA GOLA RED MC - MALHA POLIVIS 092 COBALTO CONF 1;600;s;#N/D
6897I;POSTO MARTINEZ -  BABY LOOK GOLA POLO MC - PIQUET PA 093 AZ - CONF1;606;s;#N/D
6898M;D LB COMERCIO -  CAMISETA GOLA POLO MC - PIQUET PA 061 PRETO - CONF1;602;s;#N/D
6906M;POSTO ATLANTICO - BABY POLO MC - PIQUET PV 01 MARINHO - CONF1;602;s;#N/D
6908L;MASCOR -  BABY GOLA POLO MC - PIQUET INGLES 66 VD MILITAR - CONF1;602;s;#N/D
6918M;WORLEY- BABY LOOK GOLA POLO MC PIQUET PA - 001 BRANCO - CONF1;606;s;#N/D
6919M;WORLEY- CAMISETA GOLA POLO MC PIQUET PA - 001 BRANCO - CONF1;602;s;#N/D
6924J;CEDRO GAS - CAMISETA GOLA POLO MC - POLIVIS  065VERDE - CONFI;602;s;#N/D
6928M;BNO COMERCIO -  CAMISETA GOLA RED ML - POLIVIS 025 CZ - CONF1;600;s;#N/D
6932M;COOP ARROSEIRA PALM - CAMISETA GOLA RED MC - PV 70 CONCRETO - CONF1;600;s;#N/D
6935L;POSTO COCAL - CAMISETA POLO MC - PIQUET PV 012 VERM - CONF1;602;s;#N/D
6936M;CHARRUA -  CAMISETA GOLA POLO MC - PIQUET PA 178 VERMELHO - CONF1;602;s;#N/D
6959H;MAGIUS - CAMISETA GOLA RED MC - MALHA ALG 30/1 CARD 130 MARIN - CONF1;600;s;#N/D
6974I;SCHNEIDER -  CAMISETA GOLA POLO MC - POLIVISCOSE 012 VERM - CONF1;602;s;#N/D
6979M;CENCI -  CAMISETA GOLA POLO MC - PIQUET PA 1002 CHUMBO - CONF1;602;s;#N/D
6988L;BNO - CAMISETA POLO MC - POLIVIS 034 VERDE - CONF1;602;s;#N/D
9000G;CINADIS - COLETE GOLA V FEM - BI ELASTIC 900084  PRETO - CONF1;920;s;#N/D
9002H;GRAN ENERGIES - COLETE GOLA V - UNIFORTE 1233 VERMELHO - CONF1;920;s;#N/D
9004G;CINADIS - AVENTAL FRENT -  UNIFORTE 1016 PRETO - CONF1;915;s;#N/D
9017G;SJP - MOLETON RED - FLANELADO 093 AZ RY - CONF1;914;s;#N/D
9019E;INDUCAL - MOLETOM GOLA RED - FLANELADO 130 AZUL MARINHO - CONF1;914;s;#N/D
9022F;HOSP CIRCULO - COLETE GOLA V - UNISOFT 1233 VERM - CONF1;920;s;#N/D
9039H;GRUPO BOTICARIO - COLETE GOLA V - POLYCEDROBRIM SUPER 4360 VD - CONF1;920;s;#N/D
9040B;MENEGOTTI - AVENTAL 70 X 90 CM - JEANS - CONF;924;s;#N/D
9044D;POSTO FLORIDO - AVENTAL - UNIFORTE 1029 AMARELO - CONF;915;s;#N/D
9055H;DAGNESE - COLETE GOLA V FEMININO - OXFORD MARINHO NAUTICO;920;s;#N/D
9067H;CONTINENTAL - COLETE GOLA V - DOPTEL PLUS 001-3115 AMARELO;920;s;#N/D
9075D;OGNIBENE - COLETE GOLA V - DOPTEL 001-3115 VERDE - CONF;920;s;#N/D
9080G;LUIZ GUSTAVO - MOLETON - FLANELADO 08 MESCLA - CONF1;914;s;#N/D
9090E;CENCI - SUETER GOLA V MASC - 50 ACRI 50 ALG - 714 GRAFIT- CONF1;935;s;#N/D
9092E;CENCI - SUETER GOLA V FEM - 50 ACR 50 ALG - 714 GRAFITE - CONF1;935;s;#N/D
9102H-LOG;LOGOTIPIA - BRASIL PORT - COLETE CENCI E CIA 04732 - CONF1;920;s;#N/D
9103H;VOESTALPINE - TOUCA SOLDADOR - CEDROPAC LEVE 8047 CZ - CONF1;900;s;#N/D
9106H;DIGOS - AVENTAL ATENDENTE - CEDROLEVE SUPER 8053 CHUMBO - CONF1;915;s;#N/D
9110H;MOET HENNESSY - COLETE GOLA V - DOPTEL PLUS 001-4117 LARANJA - CONF1;920;s;#N/D
9116H;BETTIN - AVENTAL 60 X 120 - OXFORD PRETO;917;s;#N/D
9119H;TUPY - TOUCA - SARJA LIDER 5280 AZ RY - CONF1;904;s;#N/D
9123H;CENCI - AVENTAL 60X84 - OXFORD PRETO;916;s;#N/D
9133C;CORREIA E RICARDO - MOLETON MASC - FELPADO 10 AZ MAR - CONF;914;s;#N/D
9138H;REXNORD - COLETE GOLA V - DOPTEL PLUS 001-3115;920;s;#N/D
9139H;JA VENDRAMIN - AVENTAL - UNILESTER FIT 2050 CINZA - CONF1;915;s;#N/D
9141H;JA VENDRAMIN - AVENTAL 60 X 80 CM - POLYCEDROBRIM 1052 VERM;915;s;#N/D
9145H;CORTEVA - TOUCA - MALHA DRY 12534 TURQUESA - CONF1;900;s;#N/D
9146H;CORTEVA - TOUCA NNINJA - MALHA DRY 12534 TURQUESA - CONF1;900;s;#N/D
9149H;MOET HENNESSY - COLETE V - DOPTEL PLUS 001--1391 CYAN - CONF1;920;s;#N/D
9155G;COMIL - TOUCA - UNIVERSAL  1414 AZ RY - CONF1;904;s;#N/D
9161C;CENCI E CIA COD 3387 - TOUCA ARABE;904;s;#N/D
9162G-LOG;LOGOTIPIA - FRASLE - COLETE CENCI E CIA 4732 - CONF1;920;s;#N/D
9167H;POSTO PARADA - TOUCA LA 1 FIO PONTO - AZUL MARINHO;900;s;#N/D
9172D;OGNIBENE - COLETE GOLA V - DOPTEL 4117 LARANJA - CONF;920;s;#N/D
9172G;MOVEIS 3 IRMAOS - COLETE GOLA PADRE  - UNILUX LIGHT 2107 AMAR - CONF1;920;s;#N/D
9178F;JTI - COLETE GOLA V - DOPTEL 001-3115  VERDE -  CONF1;920;s;#N/D
9178G;GRAMADO- ROUPAO - MED ESP - 100 PES PVC REPELENT 04 ROYAL  - CONF1;301;s;#N/D
9204G-LOG;LOGOTIPIA -  3Z MOVIMENTACOES - COLETE CIA 07035 E 07459 - CONF1;920;s;#N/D
9222F;POSTO SANTIAGO - COLETE GOLA V - UNISTILL SOFT 6147 VERM - CONF1;920;s;#N/D
9248B;DENAT - MOLETOM GOLA V - FELPADO 15 GELO - CONF1;912;s;#N/D
9271G-LOG;LOGOTIPIA - MASTER - COLETE CENCI E CIA 4732 - CONF1;920;s;#N/D
9279F;SCHNEIDER - COLETE GOLA V - DOPTEL 001-4117 LARANJA - CONF1;920;s;#N/D
9281G;AKER - COLETE GOLA V - UNIFIT 5024 LARANJA - CONF1;920;s;#N/D
9292G;POSTO DB - COLETE GOLA RED - MALHA DRY 3160 AMAR - CONF1;920;s;#N/D
9294G-LOG;LOGOTIPIA - MASTER - COLETE CENCI E CIA 4732 - CONF1;920;s;#N/D
9297G;POSTO DUQUE - MOLETON MASC - FLANELADO 061 PTO - CONF1;914;s;#N/D
9299G;JTI - COLETE GOLA V - DOPTEL PLUS 3115 VERD - CONF1;920;s;#N/D
9325G;IMPEL - COLETE GOLA V - UNIFORTE FR 1014 AZ RY  - CONF1;920;s;#N/D
9347C;TFL - MOLETON - FLANELADO 08 MESCLA - CONF;914;s;#N/D
9351E;EATON - COLETE GOLA V - UNIQUALITY 1232 LAR - CONF1AA;920;s;#N/D
9362E;CASTERTECH - TOUCA SOLDADOR - UNILEVE 1009 CZ - CONF1AA;900;s;#N/D
9411F;CINADIS - COLETE GOLA V FEM - BI ELASTIC 900084  PRETO - CONF1;920;s;#N/D
9447E;MET. RIOSULENSE - TOUCA ARABE SOLDADOR - POLYCEDROBRIM 5098  - CONF1;904;s;#N/D
9475F;CATTALINI - COLETE GOLA V -  CEDRO RIP STOP 5228 AZ - CONF1;920;s;#N/D
9480F;ERACI - MOLETON MASC - FLANELADO 061 PRETO - CONF1;914;s;#N/D
9533G;AGRO PERTENCES - COLETE GOLA V - DOPTEL 001-3115 VERDE - CONF1;920;s;#N/D
9536F;YARA BRASIL - TOUCA - UNISOFT 1009 CINZA XTRV321730280 - CONF;904;s;#N/D
9539G;LEAR - SAIA MEIO ELAST - UNIVERSAL 1009 CINZA - CONF1;111;s;#N/D
9546G;GERMAC - SUETER GOLA V MASC - 50 ACRI 50 ALG - 9431-9 - MARI - CONF1;912;s;#N/D
9551G;POSTO GALO - COLETE GOLA V - DOPTEL 3116 AMARELO - CONF1;920;s;#N/D
9566G;POSTO DB - COLETE GOLA RED - MALHA DRY 3160 AMAR;920;s;#N/D
9579F;CENCI - MACACAO ML COM CAPUZ - 0573 S-TAT 007 BRANCO - CONF1;400;s;#N/D
9580G;ALIBEM - MOLETOM BLUSAO TERMICO - FLANELADO BRANCO - CONF1;914;s;#N/D
9591G;FELTEN E QUADROS - MOLETON RED - FLANELADO 130 MARINHO - CONF1;914;s;#N/D
9597G-LOG;LOGOTIPIA - EBR - COLETE CIA 07035 - CONF1;920;s;#N/D
9598G-LOG;LOGOTIPIA - RANDON - COLETE CENCI E CIA 4732 - CONF1;920;s;#N/D
9599G-LOG;LOGOTIPIA - RANDON - COLETE CENCI E CIA 4732 - CONF1;920;s;#N/D
9615G;MEZAS - MOLETON RED - FLANELADO 061 PRETO - CONF1;914;s;#N/D
9622F;POSTO MAIOCHI - MOLETON MASC - FLANELADO 078 VERM - CONF1;914;s;#N/D
9625G;JTI - COLETE GOLA V - DOPTEL 001-5114 VERMELHO -  CONF1;920;s;#N/D
9644G;JTI - COLETE GOLA V - DOPTEL 001-3115 AMARELO -  CONF1;920;s;#N/D
9646G-LOG;LOGOTIPIA - TRENSURB - COLETE CENCI E CIA 07820 - CONF1;920;s;#N/D
9652G-LOG;LOGOTIPIA - SUSPENSYS - COLETE CENCI E CIA 4732 - CONF1;920;s;#N/D
9664E;POSTO ZAKA - MOLETON  MASC - CASHMERE 20130 VERM - CONF1;914;s;#N/D
9689G;SULZER - COLETE GOLA V - UNIVERSAL 1232 LARANJA - CONF1;920;s;#N/D
9693F;VOKKAN - COLETE GOLA V - DOPTEL PLUS 001-4117 LAR - CONF1;920;s;#N/D
9697C;V8 KISNER - MOLETON GOLA RED - MOLETON FELPADO 14 CZ - CONF;914;s;#N/D
9697G;JTI - COLETE GOLA V - DOPTEL PLUS 3115 VERDE LIMAO - CONF1;920;s;#N/D
9698G-LOG;LOGOTIPIA - CTR - COLETE CENCI E CIA 04732 - CONF1;920;s;#N/D
9707F;ALIANCA - COLETE GOLA V - UNISOFT 1243 VD - CONF1;920;s;#N/D
9707G;PREV ALVORADA - COLETE GOLA V - SARJA 202GR 8260 CZ - CONF1;920;s;#N/D
9717G;CLW  - TOUCA ARABE - SARJA 250GR 8260 CINZA - CONF1;904;s;#N/D
9721G-LOG;LOGOTIPIA - SICREDI - CAPA DE CHUVA CENCI E CIA 2075 - CONF1;920;s;#N/D
9725G-LOG;LOGOTIPIA - PETRONAS -  COLETE CENCI E CIA 04732 - CONF1;920;s;#N/D
9728G;GROSS E COSTA - MOLETOM MASC - FELPADO 130 MARINHO - CONF1;914;s;#N/D
9744B;ARROZ PALMARES - MOLETON GOLA RED - FELPADO 13 BORDO - CONF;914;s;#N/D
9750F;DU PONT - COLETE GOLA V - DOPTEL 001-5114 VERMELHO - CONF1;920;s;#N/D
9751G;PREV ALVORADA - COLETE GOLA V - UNIFORTE 1016 PTO - CONF1;920;s;#N/D
9761E;PMI - MOLETON GOLA RED - FLANELADO 001 BRANCO - CONF1;914;s;#N/D
9768E;PAEMA - COLETE GOLA V - DOPTEL PLUS 1222 MARINHO - CONF1;920;s;#N/D
9769A;AGRALE - BRACADEIRA - EM TREINAMENTO - UNILEVE 1013 VERMELHO - CONF;901;s;#N/D
9771C;SCA - COLETE GOLA V - UNILEVE 1002 CINZA - CONF;920;s;#N/D
9778G;BERNECK SA - COLETE GOLA V - POLYCEDROLEVE 1052  VERM - CONF1;920;s;#N/D
9789C;UNIMED - COLETE GOLA V - UNILEVE 1020 VERDE - CONF;920;s;#N/D
9793G;MASCARELLO - COLETE GOLA V - UNIFIT 5264 VERMELHO - CONF1;920;s;#N/D
9796C;CENCI E CIA COD 9211 - TOUCA PINTURA - SARJA LIDER 5280 AZ RY - CONF;900;s;#N/D
9797D;COOPERSHOES - COLETE GOLA V - DOPTEL PLUS E9265 CINZA ES - CONF AA;920;s;#N/D
9798G-LOG;LOGOTIPIA - MARCOPOLO -  COLETE CENCI E CIA 07035  - CONF1;920;s;#N/D
9801F;SAN DJENARO - MOLETON - FLANELADO 130 MARINHO - CONF1;914;s;#N/D
9802D;SCHNEIDER - COLETE GOLA V - DOPTEL 001-4117 LARANJA - CONF1;920;s;#N/D
9803D;SCHNEIDER - COLETE GOLA V - DOPTEL 001-3115 VERDE  - CONF1;920;s;#N/D
9806G;DASS - AVENTAL 60 X 120 CM - DOPTEL PLUS E9265 CINZA - CONF1;917;s;#N/D
9808G;DASS - JALECO SEM MANGA - MED ESP -  DOPTEL E9265 CINZA - CONF1;300;s;#N/D
9812G;TANAC - COLETE GOLA V - DOPTEL PLUS 0001-2123 VERDE - CONF1;920;s;#N/D
9816G;TERLOGS - COLETE GOLA V - UNILUX LIGHT 2107 AMARELO - CONF1;920;s;#N/D
9825G;FRASLE - COLETE GOLA V - DOPTEL 001-1391 AZUL CYAN - CONF1;920;s;#N/D
9826A;MET MOR - AVENTAL - TERGAL 13 - CONF;915;s;#N/D
9826G;FRUTINI - COLETE GOLA V - DOPTEL 5113 VERMELHO - CONF1;920;s;#N/D
9838G;BERNECK - COLETE GOLA V - POLYCOTTON 4311 VERDE - CONF1;920;s;#N/D
9847F;TRP - COLETE GOLA V - UNILEVE 1009 CZ - CONF1;920;s;#N/D
9848G;NATHOR - COLETE GOLA V - DOPTEL PLUS 5114 VREMELHO - CONF1;920;s;#N/D
9856G;BERNECK - COLETE GOLA V - POLYCEDROBRIM 4617 VERDE - CONF1;920;s;#N/D
9859E;TOPSHOES - COLETE GOLA V MC -  DOPTEL PLUS E9265 CINZA ES - CONF1;920;s;#N/D
9859G;SEADRIL - COLETE GOLA V - DOPTEL 001-5114 CHERRY - CONF1;920;s;#N/D
9864G;UNIMED - COLETE GOLA V - UNISOFT 1232 LARANJA - CONF1;300;s;#N/D
9869E;SHOPPING CAR - MOLETOM MASCULINO - FELPADO 7 MARROM - CONF1;914;s;#N/D
9879B;CENCI E CIA - AVENTAL 60X60 - NAPA PRETO - CONF;915;s;#N/D
9882G;LEAR - COLETE GOLA V - CEDRO LEVE DRILL 4667 VERDE BAND -  CONF1;920;s;#N/D
9884G-LOG;LOGOTIPIA - SUSPENSYS - COLETE CENCI E CIA 07820 - CONF1;920;s;#N/D
9886G;CENCI - BRACADEIRA BRIGADA - UNISOFT 1233 VERMELHO - CONF1;901;s;#N/D
9902G;WOOD GROUP  - COLETE GOLA V - UNIFORTE FR 1232 LARANJA - CONF1;920;s;#N/D
9911G;AGCO - COLETE GOLA V - UNISOFT 1233 VERMELHO - CONF1;920;s;#N/D
9913G;SAUR - COLETE GOLA V - UNIQUALITY 1015 VERDE - CONF1;920;s;#N/D
9919G;FRAS LE - TOUCA LA 1 FIO - COR AZUL MARINHO - CONF 1;900;s;#N/D
9921D;OGNIBENE - COLETE GOLA V - DOPTEL 1223 MARINHO - CONF1;920;s;#N/D
9921F;CENCI - MOLETON GOLA RED FEMININO  - 3 CABOS 036 CHUMBO - CONF1;914;s;#N/D
9932G;CASTERTECH - COLETE GOLA V - CEDROLEVE SUPER 8053 VERDE - CONF1;920;s;#N/D
9937G-LOG;LOGOTIPIA - TERMELETRICA VIANA - COLETE CENCI E CIA 07820 - CONF1;920;s;#N/D
9938G-LOG;LOGOTIPIA - TERMELETRICA VIANA - COLETE CENCI E CIA 04732 - CONF1;920;s;#N/D
9950G;FLEXFORM - SUETER GOLA V FEM - 50 ACRI 50 ALG - 903 NEBL - CONF1;912;s;#N/D
9955G;SINDUS - COLETE POLICEDROBRIM SUPER 3137 AMA FLUOR - CONF1;920;s;#N/D
9958G;SEGALAS - COLETE GOLA V - POLYCEDROBRIM SUPER 5228 AZ MAR - CONF1;920;s;#N/D
9959G;PETROBRAS - COLETE GOLA V - DOPTEL PLUS 001- 4116 LARANJA - CONF1;920;s;#N/D
9960G;PETROBRAS - COLETE GOLA V - DOPTEL PLUS 001-1213 AZ RY - CONF1;920;s;#N/D
9961G;PETROBRAS - COLETE GOLA V - DOPTEL PLUS 001- 5114 CHERRY - CONF1;920;s;#N/D
9962G;PETROBRAS - COLETE GOLA V - DOPTEL PLUS 001-2123 PAPPER GREEN - CONF1;920;s;#N/D
9963G;PETROBRAS - COLETE GOLA V - DOPTEL PLUS 001-9115 SILVER - CONF1;920;s;#N/D
9964G;PETROBRAS - COLETE GOLA V - DOPTEL PLUS 001-9115 SILVER - CONF1;920;s;#N/D
9965B;SPRINGER - MOLETON GOLA V - FLANELADO 130  AZ MARINHO - CONF1;912;s;#N/D
9965G;PETROBRAS - COLETE GOLA V - DOPTEL PLUS 003-01 BRANCO- CONF1;920;s;#N/D
9966G;PETROBRAS - COLETE GOLA V - DOPTEL PLUS 003-01 BRANCO- CONF1;920;s;#N/D
9967G;PETROBRAS - COLETE GOLA V - DOPTEL PLUS 003-01 BRANCO- CONF1;920;s;#N/D
9968F;PREV ALVORADA - COLETE GOLA V - SARJA 202GR 8260 CZ - CONF1;920;s;#N/D
9968G;PETROBRAS - COLETE GOLA V - DOPTEL PLUS 003-01 BRANCO- CONF1;920;s;#N/D
9976G;MICHELIN - COLETE GOLA V - DOPTEL PLUS 001-3115 VERDE - CONF1;920;s;#N/D
9978G-LOG;LOGOTIPIA - POLO FILMS -  COLETE GOLA V CENCI E CIA 07459 - CONF1;920;s;#N/D
9979G;FGVTN - COLETE GOLA V - UNILESTER SOFT 2015 VERDE - CONF1;921;s;#N/D
9980D;PRASTELA - SUETER GOLA V FEM LA 100% ACRILICO 1 FIO AZ MAR - CONF1;912;s;#N/D
9982E;CONSOCIO LINHO - AVENTAL 60 X 120 CM - 100% ALGO 001 BRANCO - CONF1;915;s;#N/D
9985G-LOG;LOGOTIPIA - LINHARES - COLETE CENCI E CIA 04732 - CONF1;920;s;#N/D
9986G-LOG;LOGOTIPIA - LINHARES - COLETE CENCI E CIA 07820 - CONF1;920;s;#N/D
9998G-LOG;LOGOTIPIA - EATON - AVETAL NAPA CIA 2011 - CONF1;920;s;#N/D
