81100AZ_G;DICKIES - CALCA DE ELASTICO MASCULINA - LINHA SAUDE - UNICARE AZ CLARO;INATIVO;Solicitado por Luana Somenzi 09-10-23;4;4
81100AZ_GG;DICKIES - CALCA DE ELASTICO MASCULINA - LINHA SAUDE - UNICARE AZ CLARO;INATIVO;Solicitado por Luana Somenzi 09-10-23;4;4
81100AZ_M;DICKIES - CALCA DE ELASTICO MASCULINA - LINHA SAUDE - UNICARE AZ CLARO;INATIVO;Solicitado por Luana Somenzi 09-10-23;4;4
81100BR_G;DICKIES - CALCA LINHA SAUDE ELAST TOTAL MASCULINO UNICARE BRANCO;INATIVO;Solicitado por Luana Somenzi 09-10-23;4;4
81100BR_GG;DICKIES - CALCA LINHA SAUDE ELAST TOTAL MASCULINO UNICARE BRANCO;INATIVO;Solicitado por Luana Somenzi 09-10-23;4;4
81100BR_P;DICKIES - CALCA LINHA SAUDE ELAST TOTAL MASCULINO UNICARE BRANCO;INATIVO;Solicitado por Luana Somenzi 09-10-23;4;4
81100VD_G;DICKIES - CALCA DE ELASTICO MASCULINA - LINHA SAUDE - UNICARE VD CLARO;INATIVO;Solicitado por Luana Somenzi 09-10-23;4;4
81100VD_GG;DICKIES - CALCA DE ELASTICO MASCULINA - LINHA SAUDE - UNICARE VD CLARO;INATIVO;Solicitado por Luana Somenzi 09-10-23;4;4
81100VD_M;DICKIES - CALCA LINHA SAUDE ELAST TOTAL MASCULINO UNICARE VERDE;INATIVO;Solicitado por Luana Somenzi 09-10-23;4;4
81100VD_P;DICKIES - CALCA LINHA SAUDE ELAST TOTAL MASCULINO UNICARE VERDE;INATIVO;Solicitado por Luana Somenzi 09-10-23;4;4
81100VDBD_G;DICKIES CALCA LINHA SAUDE DE ELAST MASC UNICARE ANTIM VERDE BAND 1258;INATIVO;Solicitado por Luana Somenzi 09-10-23;4;4
81100VDBD_GG;DICKIES CALCA LINHA SAUDE DE ELAST MASC UNICARE ANTIM VERDE BAND 1258;INATIVO;Solicitado por Luana Somenzi 09-10-23;4;4
81100VDBD_M;DICKIES CALCA LINHA SAUDE DE ELAST MASC UNICARE ANTIM VERDE BAND 1258;INATIVO;Solicitado por Luana Somenzi 09-10-23;4;4
81100VDBD_P;DICKIES CALCA LINHA SAUDE DE ELAST MASC UNICARE ANTIM VERDE BAND 1258;INATIVO;Solicitado por Luana Somenzi 09-10-23;4;4
81403BR_GG;DICKIES JALECO LINHA SAUDE ML MASC UNILIGHT ANTIMICROBIAL BRANCO;INATIVO;Solicitado por Luana Somenzi 09-10-23;4;4
81906AZ_G;DICKIES - CAMISA LINHA SAUDE MASC UNIOFFICE ANTIMICROBIAL  AZUL CLARO;INATIVO;Solicitado por Luana Somenzi 09-10-23;4;4
81906AZ_GG;DICKIES - CAMISA LINHA SAUDE MASC UNIOFFICE ANTIMICROBIAL  AZUL CLARO;INATIVO;Solicitado por Luana Somenzi 09-10-23;4;4
81906AZ_M;DICKIES - CAMISA LINHA SAUDE MASC UNIOFFICE ANTIMICROBIAL  AZUL CLARO;INATIVO;Solicitado por Luana Somenzi 09-10-23;4;4
81906AZ_P;DICKIES - CAMISA LINHA SAUDE MASC UNIOFFICE ANTIMICROBIAL  AZUL CLARO;INATIVO;Solicitado por Luana Somenzi 09-10-23;4;4
81906BR_P;DICKIES - CAMISA LINHA SAUDE MASC UNIOFFICE ANTIMICROBIAL  BRANCO;INATIVO;Solicitado por Luana Somenzi 09-10-23;4;4
81906VD_G;DICKIES - CAMISA LINHA SAUDE MASC UNIOFFICE ANTIMICROBIAL  VERDE CLARO;INATIVO;Solicitado por Luana Somenzi 09-10-23;4;4
81906VD_GG;DICKIES - CAMISA LINHA SAUDE MASC UNIOFFICE ANTIMICROBIAL  VERDE CLARO;INATIVO;Solicitado por Luana Somenzi 09-10-23;4;4
81906VD_M;DICKIES - CAMISA LINHA SAUDE MASC UNIOFFICE ANTIMICROBIAL  VERDE CLARO;INATIVO;Solicitado por Luana Somenzi 09-10-23;4;4
81906VD_P;DICKIES - CAMISA LINHA SAUDE MASC UNIOFFICE ANTIMICROBIAL  VERDE CLARO;INATIVO;Solicitado por Luana Somenzi 09-10-23;4;4
81906VDBD_G;DICKIES - CAMISA LINHA SAUDE MASC UNIOFFICE ANTIMICROBIAL  VERDE BAND;INATIVO;Solicitado por Luana Somenzi 09-10-23;4;4
81906VDBD_GG;DICKIES - CAMISA LINHA SAUDE MASC UNIOFFICE ANTIMICROBIAL  VERDE BAND;INATIVO;Solicitado por Luana Somenzi 09-10-23;4;4
81906VDBD_M;DICKIES - CAMISA LINHA SAUDE MASC UNIOFFICE ANTIMICROBIAL  VERDE BAND;INATIVO;Solicitado por Luana Somenzi 09-10-23;4;4
81906VDBD_P;DICKIES - CAMISA LINHA SAUDE MASC UNIOFFICE ANTIMICROBIAL  VERDE BAND;INATIVO;Solicitado por Luana Somenzi 09-10-23;4;4
82015VD_P;DICKIES - CALCA ELASTICO FEM - LINHA SAUDE - UNILESTER SOFT VD CL 2200;INATIVO;Solicitado por Luana Somenzi 09-10-23;4;4
82015VDBD_G;DICKIES CALCA LINHA SAUDE ELAST FEM UNILESTER SOFT ANTIM VERDE BAND;INATIVO;Solicitado por Luana Somenzi 09-10-23;4;4
82015VDBD_GG;DICKIES CALCA LINHA SAUDE ELAST FEM UNILESTER SOFT ANTIM VERDE BAND;INATIVO;Solicitado por Luana Somenzi 09-10-23;4;4
82015VDBD_M;DICKIES CALCA LINHA SAUDE ELAST FEM UNILESTER SOFT ANTIM VERDE BAND;INATIVO;Solicitado por Luana Somenzi 09-10-23;4;4
82814AZ_G;DICKIES - BLUSA FEM - LINHA SAUDE - UNIOFFICE AZUL CLARO 3045;INATIVO;Solicitado por Luana Somenzi 09-10-23;4;4
82814AZ_GG;DICKIES - BLUSA FEM - LINHA SAUDE - UNIOFFICE AZUL CLARO 3045;INATIVO;Solicitado por Luana Somenzi 09-10-23;4;4
82814AZ_M;DICKIES BLUSA FEM LINHA  SAUDE  UNIOFFICE ANTIM AZUL;INATIVO;Solicitado por Luana Somenzi 09-10-23;4;4
82814AZ_P;DICKIES BLUSA FEM LINHA  SAUDE  UNIOFFICE ANTIM AZUL;INATIVO;Solicitado por Luana Somenzi 09-10-23;4;4
82814VD_G;DICKIES BLUSA FEM  LINHA SAUDE UNIOFFICE ANTIM VERDE;INATIVO;Solicitado por Luana Somenzi 09-10-23;4;4
82814VD_GG;DICKIES BLUSA FEM  LINHA SAUDE UNIOFFICE ANTIM VERDE;INATIVO;Solicitado por Luana Somenzi 09-10-23;4;4
82814VD_M;DICKIES BLUSA FEM  LINHA SAUDE UNIOFFICE ANTIM VERDE;INATIVO;Solicitado por Luana Somenzi 09-10-23;4;4
82814VD_P;DICKIES BLUSA FEM  LINHA SAUDE UNIOFFICE ANTIM VERDE;INATIVO;Solicitado por Luana Somenzi 09-10-23;4;4
82814VDBD_G;DICKIES BLUSA FEM  LINHA SAUDE UNIOFFICE ANTIM VDBD;INATIVO;Solicitado por Luana Somenzi 09-10-23;4;4
82814VDBD_GG;DICKIES BLUSA FEM  LINHA SAUDE UNIOFFICE ANTIM VDBD;INATIVO;Solicitado por Luana Somenzi 09-10-23;4;4
82814VDBD_M;DICKIES BLUSA FEM  LINHA SAUDE UNIOFFICE ANTIM VDBD;INATIVO;Solicitado por Luana Somenzi 09-10-23;4;4
82814VDBD_P;DICKIES BLUSA FEM  LINHA SAUDE UNIOFFICE ANTIM VDBD;INATIVO;Solicitado por Luana Somenzi 09-10-23;4;4
82850AZ_G;DICKIES - BLUSA FEMININA - LINHA SAUDE - UNICONFORT FLEX AZ CLARO 6187;INATIVO;Solicitado por Luana Somenzi 09-10-23;4;4
82850AZ_GG;DICKIES - BLUSA FEMININA - LINHA SAUDE - UNICONFORT FLEX AZ CLARO 6187;INATIVO;Solicitado por Luana Somenzi 09-10-23;4;4
82850AZ_P;DICKIES BLUSA FEM  LINHA SAUDE UNICONFORT FLEX  ANTIM AZUL CLARO 6187;INATIVO;Solicitado por Luana Somenzi 09-10-23;4;4
82850VD_G;DICKIES - BLUSA FEMININA - LINHA SAUDE - UNICONFORT FLEX VERDE CL 6189;INATIVO;Solicitado por Luana Somenzi 09-10-23;4;4
82850VD_GG;DICKIES - BLUSA FEMININA - LINHA SAUDE - UNICONFORT FLEX VERDE CL 6189;INATIVO;Solicitado por Luana Somenzi 09-10-23;4;4
82850VD_P;DICKIES - BLUSA FEMININA - LINHA SAUDE - UNICONFORT FLEX VERDE CL 6189;INATIVO;Solicitado por Luana Somenzi 09-10-23;4;4
82850VDBD_G;DICKIES BLUSA LINHA SAUDE FEM MC UNICONFORT FLEX  ANTIM VERDE BAND;INATIVO;Solicitado por Luana Somenzi 09-10-23;4;4
82850VDBD_GG;DICKIES BLUSA LINHA SAUDE FEM MC UNICONFORT FLEX  ANTIM VERDE BAND;INATIVO;Solicitado por Luana Somenzi 09-10-23;4;4
82850VDBD_P;DICKIES BLUSA LINHA SAUDE FEM MC UNICONFORT FLEX  ANTIM VERDE BAND;INATIVO;Solicitado por Luana Somenzi 09-10-23;4;4
83060AZ_GG;DICKIES - CALCA MASC UNILESTER SOFT ANTIM LINHA SAUDE AZ CLARO 2201;INATIVO;Solicitado por Luana Somenzi 09-10-23;4;4
83404MR_G;DICKIES JALECO LINHA SAUDE UNISSEX ML UNILESTER SOFT ANTIM 2008 MR;INATIVO;Solicitado por Luana Somenzi 09-10-23;4;4
83706AZ_G;DICKIES - CAMISA LINHA SAUDE UNISSEX UNICONFORT FLEX ANTIMICRO AZ CL;INATIVO;Solicitado por Luana Somenzi 09-10-23;4;4
83706AZ_GG;DICKIES - CAMISA LINHA SAUDE UNISSEX MC UNICONFORT FLEX ANTIM AZUL;INATIVO;Solicitado por Luana Somenzi 09-10-23;4;4
83706AZ_M;DICKIES - CAMISA LINHA SAUDE UNISSEX MC UNICONFORT FLEX ANTIM AZUL;INATIVO;Solicitado por Luana Somenzi 09-10-23;4;4
83706VD_G;DICKIES - CAMISA LINHA SAUDE UNISSEX MC UNICONFORT FLEX ANTIM VERDE;INATIVO;Solicitado por Luana Somenzi 09-10-23;4;4
83706VD_GG;DICKIES - CAMISA LINHA SAUDE UNISSEX MC UNICONFORT FLEX ANTIM VERDE;INATIVO;Solicitado por Luana Somenzi 09-10-23;4;4
83706VDBD_G;DICKIES - CAMISA LINHA SAUDE UNISSEX UNICONFORT FLEX ANTIMICRO VD BAN;INATIVO;Solicitado por Luana Somenzi 09-10-23;4;4
83706VDBD_GG;INATIVO;INATIVO;Solicitado por Luana Somenzi 09-10-23;4;4
83706VDBD_M;DICKIES - CAMISA LINHA SAUDE UNISSEX UNICONFORT FLEX ANTIMICRO VD BAN;INATIVO;Solicitado por Luana Somenzi 09-10-23;4;4
83706VDBD_P;DICKIES - CAMISA LINHA SAUDE UNISSEX UNICONFORT FLEX ANTIMICRO VD BAN;INATIVO;Solicitado por Luana Somenzi 09-10-23;4;4
84403BR_G;DICKIES JALECO LINHA SAUDE ML FEM UNIOFFICE ANTIMICROBIAL BRANCO;INATIVO;Solicitado por Luana Somenzi 09-10-23;4;4
85906AZ_GG;DICKIES BLUSA FEM LINHA SAUDE COM BOLSO UNICONFORT FLEX ANT AZ CLARO;INATIVO;Solicitado por Luana Somenzi 09-10-23;4;4
85906VD_G;DICKIES BLUSA FEM LINHA SAUDE COM BOLSO UNICONFORT FLEX ANT VD CLAR;INATIVO;Solicitado por Luana Somenzi 09-10-23;4;4
85906VD_GG;DICKIES BLUSA FEM LINHA SAUDE COM BOLSO UNICONFORT FLEX ANT VD CLAR;INATIVO;Solicitado por Luana Somenzi 09-10-23;4;4
85906VD_M;DICKIES BLUSA FEM LINHA SAUDE COM BOLSO UNICONFORT FLEX ANT VD CLAR;INATIVO;Solicitado por Luana Somenzi 09-10-23;4;4
85906VD_P;DICKIES BLUSA FEM LINHA SAUDE COM BOLSO UNICONFORT FLEX ANT VD CLAR;INATIVO;Solicitado por Luana Somenzi 09-10-23;4;4
85906VDBD_G;DICKIES - BLUSA FEM C BOLSO LINHA SAUDE UNICONFORT FLEX ANT VERDE BAND;INATIVO;Solicitado por Luana Somenzi 09-10-23;4;4
85906VDBD_GG;DICKIES - BLUSA FEM C BOLSO LINHA SAUDE UNICONFORT FLEX ANT VERDE BAND;INATIVO;Solicitado por Luana Somenzi 09-10-23;4;4
85906VDBD_M;DICKIES - BLUSA FEM C BOLSO LINHA SAUDE UNICONFORT FLEX ANT VERDE BAND;INATIVO;Solicitado por Luana Somenzi 09-10-23;4;4
85906VDBD_P;DICKIES - BLUSA FEM C BOLSO LINHA SAUDE UNICONFORT FLEX ANT VERDE BAND;INATIVO;Solicitado por Luana Somenzi 09-10-23;4;4
86106AZ_G;DICKIES - CALCA FEM LINHA SAUDE UNICARE ANTIMICROBIAL AZUL CLARO;INATIVO;Solicitado por Luana Somenzi 09-10-23;4;4
86106AZ_GG;DICKIES CALCA  FEM  LINHA SAUDE UNICARE ANTIM AZ CL 1260;INATIVO;Solicitado por Luana Somenzi 09-10-23;4;4
86106AZ_P;DICKIES CALCA  FEM  LINHA SAUDE UNICARE ANTIM AZ CL 1260;INATIVO;Solicitado por Luana Somenzi 09-10-23;4;4
86106VD_P;DICKIES CALCA FEM LINHA SAUDE UNICARE ANTIMICROBIAL VDCL 1259;INATIVO;Solicitado por Luana Somenzi 09-10-23;4;4
86106VDBD_M;DICKIES - CALCA FEM LINHA SAUDE UNICARE ANTIMICROBIAL VERDE BAND;INATIVO;Solicitado por Luana Somenzi 09-10-23;4;4
86106VDBD_P;DICKIES - CALCA FEM LINHA SAUDE UNICARE ANTIMICROBIAL VERDE BAND;INATIVO;Solicitado por Luana Somenzi 09-10-23;4;4
SCM0001AZ_G;DICKIES - CAMISA LINHA SAUDE UNISSEX UNISHIRT 5003  AZ CL;INATIVO;Solicitado por Luana Somenzi 09-10-23;4;4
SCM0001AZ_GG;DICKIES - CAMISA LINHA SAUDE UNISSEX UNISHIRT 5003  AZ CL;INATIVO;Solicitado por Luana Somenzi 09-10-23;4;4
SCM0001AZ_M;DICKIES - CAMISA LINHA SAUDE UNISSEX UNISHIRT 5003  AZ CL;INATIVO;Solicitado por Luana Somenzi 09-10-23;4;4
SCM0001AZ_P;DICKIES - CAMISA LINHA SAUDE UNISSEX UNISHIRT 5003  AZ CL;INATIVO;Solicitado por Luana Somenzi 09-10-23;4;4
SCM0001VD_G;DICKIES - CAMISA LINHA SAUDE UNISSEX UNISHIRT VERDE CLARO;INATIVO;Solicitado por Luana Somenzi 09-10-23;4;4
SCM0001VD_GG;DICKIES - CAMISA LINHA SAUDE UNISSEX UNISHIRT VERDE CLARO;INATIVO;Solicitado por Luana Somenzi 09-10-23;4;4
SCM0001VD_M;DICKIES - CAMISA LINHA SAUDE UNISSEX UNISHIRT VERDE CLARO;INATIVO;Solicitado por Luana Somenzi 09-10-23;4;4
SCM0001VD_P;DICKIES - CAMISA LINHA SAUDE UNISSEX UNISHIRT VERDE CLARO;INATIVO;Solicitado por Luana Somenzi 09-10-23;4;4
SCM0001VDBD_G;DICKIES - CAMISA LINHA SAUDE UNISSEX UNISHIRT 5015 VD BD;INATIVO;Solicitado por Luana Somenzi 09-10-23;4;4
SCM0001VDBD_GG;DICKIES - CAMISA LINHA SAUDE UNISSEX UNISHIRT 5015 VD BD;INATIVO;Solicitado por Luana Somenzi 09-10-23;4;4
SCM0001VDBD_M;DICKIES - CAMISA LINHA SAUDE UNISSEX UNISHIRT 5015 VD BD;INATIVO;Solicitado por Luana Somenzi 09-10-23;4;4
SCM0001VDBD_P;DICKIES - CAMISA LINHA SAUDE UNISSEX UNISHIRT 5015 VD BD;INATIVO;Solicitado por Luana Somenzi 09-10-23;4;4
DBR110BR_40;DICKIES - CALCA JEANS MASCULINA - LINHA ATENDIMENTO - UNILESTER BRA;INATIVO;Solicitado por Luana Somenzi 09-10-23;4;4
DBR110BR_42;DICKIES - CALCA JEANS MASCULINA - LINHA ATENDIMENTO - UNILESTER BRA;INATIVO;Solicitado por Luana Somenzi 09-10-23;4;4
DBR110BR_50;DICKIES - CALCA JEANS MASCULINA - LINHA ATENDIMENTO - UNILESTER BRA;INATIVO;Solicitado por Luana Somenzi 09-10-23;4;4
DBR110CQ_40;DICKIES - CALCA JEANS MASCULINA - LINHA ATENDIMENTO - UNILESTER CAQUI;INATIVO;Solicitado por Luana Somenzi 09-10-23;4;4
DBR110CQ_42;DICKIES - CALCA JEANS MASCULINA - LINHA ATENDIMENTO - UNILESTER CAQUI;INATIVO;Solicitado por Luana Somenzi 09-10-23;4;4
DBR110CQ_44;DICKIES - CALCA JEANS MASC UNILESTER LINHA ATEND CAQUI 2021;INATIVO;Solicitado por Luana Somenzi 09-10-23;4;4
DBR110CQ_46;DICKIES - CALCA JEANS MASC UNILESTER LINHA ATEND CAQUI 2021;INATIVO;Solicitado por Luana Somenzi 09-10-23;4;4
DBR110CQ_50;DICKIES - CALCA JEANS MASC UNILESTER LINHA ATEND CAQUI 2021;INATIVO;Solicitado por Luana Somenzi 09-10-23;4;4
DBR110PR_36;DICKIES - CALCA JEANS MASCULINA - LINHA ATENDIMENTO - UNILESTER PRETO;INATIVO;Solicitado por Luana Somenzi 09-10-23;4;4
DBR110PR_50;DICKIES - CALCA JEANS MASCULINA - LINHA ATENDIMENTO - UNILESTER PRETO;INATIVO;Solicitado por Luana Somenzi 09-10-23;4;4
DD110DN_46;DICKIES - CALCA JEANS MASCULINA - LINHA ATENDIMENTO - JEANS SIRIUS;INATIVO;Solicitado por Luana Somenzi 09-10-23;4;4
DU212CQ_40;DICKIES -  CALCA MASC UNIPACIFIC LINHA ATEND CAQUI 1021;INATIVO;Solicitado por Luana Somenzi 09-10-23;4;4
DU212CQ_42;DICKIES -  CALCA MASC UNIPACIFIC LINHA ATEND CAQUI 1021;INATIVO;Solicitado por Luana Somenzi 09-10-23;4;4
DU212CQ_44;DICKIES -  CALCA MASC UNIPACIFIC LINHA ATEND CAQUI 1021;INATIVO;Solicitado por Luana Somenzi 09-10-23;4;4
DU212CQ_46;DICKIES -  CALCA MASC UNIPACIFIC LINHA ATEND CAQUI 1021;INATIVO;Solicitado por Luana Somenzi 09-10-23;4;4
DU212CQ_48;DICKIES -  CALCA MASC UNIPACIFIC LINHA ATEND CAQUI 1021;INATIVO;Solicitado por Luana Somenzi 09-10-23;4;4
DU212CQ_50;DICKIES -  CALCA MASC UNIPACIFIC LINHA ATEND CAQUI 1021;INATIVO;Solicitado por Luana Somenzi 09-10-23;4;4
DU212PR_40;DICKIES -  CALCA MASC UNIPACIFIC LINHA ATEND PRETO 1016;INATIVO;Solicitado por Luana Somenzi 09-10-23;4;4
DU212PR_42;DICKIES -  CALCA MASC UNIPACIFIC LINHA ATEND PRETO 1016;INATIVO;Solicitado por Luana Somenzi 09-10-23;4;4
DU212PR_44;DICKIES -  CALCA MASC UNIPACIFIC  LINHA ATEND PRETO 1016;INATIVO;Solicitado por Luana Somenzi 09-10-23;4;4
DU212PR_46;DICKIES -  CALCA MASC UNIPACIFIC LINHA ATEND PRETO 1016;INATIVO;Solicitado por Luana Somenzi 09-10-23;4;4
DU212PR_48;DICKIES -  CALCA MASC UNIPACIFIC LINHA ATEND PRETO 1016;INATIVO;Solicitado por Luana Somenzi 09-10-23;4;4
DU212PR_50;DICKIES -  CALCA MASC UNISTREET LINHA ATEND PRETO 1016;INATIVO;Solicitado por Luana Somenzi 09-10-23;4;4
FP212PR_46;DICKIES - CALCA SOCIAL FEMININA - LINHA ATENDIMENTO - UNIFLEX  PRETO;INATIVO;Solicitado por Luana Somenzi 09-10-23;4;4
HH014PR_40;DICKIES - CALCA FEMIINA - LINHA ATENDIMENTO - UNIMAX PRETO;INATIVO;Solicitado por Luana Somenzi 09-10-23;4;4
HH014PR_42;DICKIES - CALCA FEMIINA - LINHA ATENDIMENTO - UNIMAX PRETO;INATIVO;Solicitado por Luana Somenzi 09-10-23;4;4
LL505BR_G;DICKIES - CAMISA  MASC ML  UNIFILL   LINHA ATEND BRANCO 6501;INATIVO;Solicitado por Luana Somenzi 09-10-23;4;4
LL505BR_M;DICKIES - CAMISA  MASC ML  UNIFILL   LINHA ATEND BRANCO 6501;INATIVO;Solicitado por Luana Somenzi 09-10-23;4;4
LL505CZ_G;DICKIES - CAMISA  MASC ML  UNIFILL   LINHA ATEND CINZA 6509;INATIVO;Solicitado por Luana Somenzi 09-10-23;4;4
LL505MR_G;DICKIES - CAMISA  MASC ML  UNIFILL   LINHA ATEND MARINHO 6505;INATIVO;Solicitado por Luana Somenzi 09-10-23;4;4
LL505MR_GG;DICKIES - CAMISA  MASC ML  UNIFILL   LINHA ATEND MARINHO 6505;INATIVO;Solicitado por Luana Somenzi 09-10-23;4;4
LL505PR_M;DICKIES - CAMISA  MASC ML  UNIFILL   LINHA ATEND PRETO 6516;INATIVO;Solicitado por Luana Somenzi 09-10-23;4;4
LL506CQ-G;DICKIES - CAMISA MASC MANGA LONGA - LINHA ATENDIMENTO - UNILESTER 2021;INATIVO;Solicitado por Luana Somenzi 09-10-23;4;4
LL506CQ-M;DICKIES - CAMISA MASC MANGA LONGA - LINHA ATENDIMENTO - UNILESTER 2021;INATIVO;Solicitado por Luana Somenzi 09-10-23;4;4
LL506CZ-XG;DICKIES - CAMISA MASC MANGA LONGA - LINHA ATENDIMENTO - UNILESTER 2050;INATIVO;Solicitado por Luana Somenzi 09-10-23;4;4
LP812BR_42;DICKIES - CALCA MASCULINA - LINHA ATENDIMENTO - UNILESTER  BRANCO;INATIVO;Solicitado por Luana Somenzi 09-10-23;4;4
LP812BR_44;DICKIES - CALCA MASCULINA - LINHA ATENDIMENTO - UNILESTER  BRANCO;INATIVO;Solicitado por Luana Somenzi 09-10-23;4;4
LP812BR_48;DICKIES - CALCA MASCULINA - LINHA ATENDIMENTO - UNILESTER  BRANCO;INATIVO;Solicitado por Luana Somenzi 09-10-23;4;4
LP812BR_50;DICKIES -  CALCA MASC UNILESTER LINHA ATEND BRANCO 2001;INATIVO;Solicitado por Luana Somenzi 09-10-23;4;4
LP812CQ_38;DICKIES - CALCA MASCULINA - LINHA ATENDIMENTO - UNILESTER CAQUI;INATIVO;Solicitado por Luana Somenzi 09-10-23;4;4
LP812CQ_40;DICKIES - CALCA MASCULINA - LINHA ATENDIMENTO - UNILESTER CAQUI;INATIVO;Solicitado por Luana Somenzi 09-10-23;4;4
LP812CQ_42;DICKIES - CALCA MASCULINA - LINHA ATENDIMENTO - UNILESTER CAQUI;INATIVO;Solicitado por Luana Somenzi 09-10-23;4;4
LP812CQ_44;DICKIES - CALCA MASCULINA - LINHA ATENDIMENTO - UNILESTER CAQUI;INATIVO;Solicitado por Luana Somenzi 09-10-23;4;4
LP812CQ_46;DICKIES - CALCA MASCULINA - LINHA ATENDIMENTO - UNILESTER CAQUI;INATIVO;Solicitado por Luana Somenzi 09-10-23;4;4
LP812CQ_48;DICKIES - CALCA MASCULINA - LINHA ATENDIMENTO - UNILESTER CAQUI;INATIVO;Solicitado por Luana Somenzi 09-10-23;4;4
LP812CQ_50;DICKIES - CALCA MASCULINA - LINHA ATENDIMENTO - UNILESTER CAQUI;INATIVO;Solicitado por Luana Somenzi 09-10-23;4;4
LP812PR_38;DICKIES - CALCA MASCULINA - LINHA ATENDIMENTO - UNILESTER PRETO;INATIVO;Solicitado por Luana Somenzi 09-10-23;4;4
LP812PR_40;DICKIES - CALCA MASCULINA - LINHA ATENDIMENTO - UNILESTER PRETO;INATIVO;Solicitado por Luana Somenzi 09-10-23;4;4
LP812PR_42;DICKIES - CALCA MASCULINA - LINHA ATENDIMENTO - UNILESTER PRETO;INATIVO;Solicitado por Luana Somenzi 09-10-23;4;4
LP812PR_44;DICKIES - CALCA MASCULINA - LINHA ATENDIMENTO - UNILESTER PRETO;INATIVO;Solicitado por Luana Somenzi 09-10-23;4;4
LP812PR_46;DICKIES - CALCA MASCULINA - LINHA ATENDIMENTO - UNILESTER PRETO;INATIVO;Solicitado por Luana Somenzi 09-10-23;4;4
LR542BG_46;DICKIES - BERMUDA CARGO MASCULINA - LINHA ATENDIMENTO - UNITEX BEGE;INATIVO;Solicitado por Luana Somenzi 09-10-23;4;4
LR542BG_48;DICKIES - BERMUDA CARGO MASCULINA - LINHA ATENDIMENTO - UNITEX BEGE;INATIVO;Solicitado por Luana Somenzi 09-10-23;4;4
LR542BG_50;DICKIES - BERMUDA CARGO MASCULINA - LINHA ATENDIMENTO - UNITEX BEGE;INATIVO;Solicitado por Luana Somenzi 09-10-23;4;4
LR542PR_40;DICKIES - BERMUDA CARGO MASCULINA - LINHA ATENDIMENTO - UNITEX PRETO;INATIVO;Solicitado por Luana Somenzi 09-10-23;4;4
LR542PR_42;DICKIES - BERMUDA CARGO MASCULINA - LINHA ATENDIMENTO - UNITEX PRETO;INATIVO;Solicitado por Luana Somenzi 09-10-23;4;4
LR542PR_44;DICKIES - BERMUDA CARGO MASCULINA - LINHA ATENDIMENTO - UNITEX PRETO;INATIVO;Solicitado por Luana Somenzi 09-10-23;4;4
LR542PR_48;DICKIES - BERMUDA CARGO MASCULINA - LINHA ATENDIMENTO - UNITEX PRETO;INATIVO;Solicitado por Luana Somenzi 09-10-23;4;4
LR542PR_50;DICKIES - BERMUDA CARGO MASCULINA - LINHA ATENDIMENTO - UNITEX PRETO;INATIVO;Solicitado por Luana Somenzi 09-10-23;4;4
LS505BR_G;DICKIES - CAMISA  MASC MC  UNIFILL   LINHA ATEND BRANCO 6501;INATIVO;Solicitado por Luana Somenzi 09-10-23;4;4
LS505BR_GG;DICKIES - CAMISA  MASC MC  UNIFILL   LINHA ATEND BRANCO 6501;INATIVO;Solicitado por Luana Somenzi 09-10-23;4;4
LS505BR_M;DICKIES - CAMISA  MASC MC  UNIFILL   LINHA ATEND BRANCO 6501;INATIVO;Solicitado por Luana Somenzi 09-10-23;4;4
LS505CZ_P;DICKIES - CAMISA  MASC MC  UNIFILL   LINHA ATEND CINZA 6509;INATIVO;Solicitado por Luana Somenzi 09-10-23;4;4
LS505MR_G;DICKIES - CAMISA  MASC MC  UNIFILL   LINHA ATEND  MARINHO 6505;INATIVO;Solicitado por Luana Somenzi 09-10-23;4;4
LS505MR_GG;DICKIES - CAMISA  MASC MC  UNIFILL   LINHA ATEND  MARINHO 6505;INATIVO;Solicitado por Luana Somenzi 09-10-23;4;4
LS505PR_G;DICKIES - CAMISA  MASC MC  UNIFILL   LINHA ATEND PRETO 6516;INATIVO;Solicitado por Luana Somenzi 09-10-23;4;4
LS505PR_M;DICKIES - CAMISA  MASC MC UNIFILL   LINHA ATEND PRETO 6516;INATIVO;Solicitado por Luana Somenzi 09-10-23;4;4
LS505PR_P;DICKIES - CAMISA  MASC MC  UNIFILL   LINHA ATEND PRETO 6516;INATIVO;Solicitado por Luana Somenzi 09-10-23;4;4
LS506BR_G;DICKIES - CAMISA MASC MANGA CURTA - LINHA ATENDIMENTO - UNILESTER 2001;INATIVO;Solicitado por Luana Somenzi 09-10-23;4;4
LS506BR_GG;DICKIES - CAMISA MASC MANGA CURTA - LINHA ATENDIMENTO - UNILESTER 2001;INATIVO;Solicitado por Luana Somenzi 09-10-23;4;4
LS506BR_M;DICKIES - CAMISA MASC MANGA CURTA - LINHA ATENDIMENTO - UNILESTER 2001;INATIVO;Solicitado por Luana Somenzi 09-10-23;4;4
LS506BR_P;DICKIES - CAMISA MASC MANGA CURTA - LINHA ATENDIMENTO - UNILESTER 2001;INATIVO;Solicitado por Luana Somenzi 09-10-23;4;4
LS506BR_XG;DICKIES - CAMISA MASC MANGA CURTA - LINHA ATENDIMENTO - UNILESTER 2001;INATIVO;Solicitado por Luana Somenzi 09-10-23;4;4
LS506BR_XGG;DICKIES - CAMISA MASC MANGA CURTA - LINHA ATENDIMENTO - UNILESTER 2001;INATIVO;Solicitado por Luana Somenzi 09-10-23;4;4
LS506MR_G;DICKIES - CAMISA MASC MANGA CURTA - LINHA ATENDIMENTO - UNILESTER 2008;INATIVO;Solicitado por Luana Somenzi 09-10-23;4;4
LS506MR_M;DICKIES - CAMISA MASC MANGA CURTA - LINHA ATENDIMENTO - UNILESTER 2008;INATIVO;Solicitado por Luana Somenzi 09-10-23;4;4
LS506PR_P;DICKIES - CAMISA MASC MANGA CURTA - LINHA ATENDIMENTO - UNILESTER 2016;INATIVO;Solicitado por Luana Somenzi 09-10-23;4;4
P347040MR_40;DICKIES - CALCA MASCULINA - LINHA ATENDIMENTO - UNIMAX MARINHO;INATIVO;Solicitado por Luana Somenzi 09-10-23;4;4
P347040MR_42;DICKIES - CALCA MASCULINA - LINHA ATENDIMENTO - UNIMAX MARINHO;INATIVO;Solicitado por Luana Somenzi 09-10-23;4;4
P347040MR_44;DICKIES - CALCA MASCULINA - LINHA ATENDIMENTO - UNIMAX MARINHO;INATIVO;Solicitado por Luana Somenzi 09-10-23;4;4
P347040MR_46;DICKIES - CALCA MASCULINA - LINHA ATENDIMENTO - UNIMAX MARINHO;INATIVO;Solicitado por Luana Somenzi 09-10-23;4;4
PL413CZES_G;DICKIES - CAMISA FEM MANGA CURTA - LINHA ATENDIMENTO - UNICONFORT CINZ;INATIVO;Solicitado por Luana Somenzi 09-10-23;4;4
PL413CZES_P;DICKIES - CAMISA  FEM MC  UNICONFORT FLEX  LINHA ATEND CZ ESCURO 6009;INATIVO;Solicitado por Luana Somenzi 09-10-23;4;4
PL413MR_G;DICKIES - CAMISA  FEM MC  UNICONFORT FLEX  LINHA ATEND AZ MARINHO 6105;INATIVO;Solicitado por Luana Somenzi 09-10-23;4;4
PL413MR_P;DICKIES - CAMISA  FEM MC  UNICONFORT FLEX  LINHA ATEND AZ MARINHO 6105;INATIVO;Solicitado por Luana Somenzi 09-10-23;4;4
PL413PR_G;DICKIES - CAMISA  FEM MC  UNICONFORT FLEX  LINHA ATEND PRETO 6116;INATIVO;Solicitado por Luana Somenzi 09-10-23;4;4
PL413PR_GG;DICKIES - CAMISA  FEM MC  UNICONFORT FLEX  LINHA ATEND PRETO 6116;INATIVO;Solicitado por Luana Somenzi 09-10-23;4;4
PL413PR_M;DICKIES - CAMISA  FEM MC  UNICONFORT FLEX  LINHA ATEND PRETO 6116;INATIVO;Solicitado por Luana Somenzi 09-10-23;4;4
PQ924PR_M;DICKIES - CAMISA POLO FEM MALHA PIQUET LINHA ATEND PRETO;INATIVO;Solicitado por Luana Somenzi 09-10-23;4;4
DC125MR_GG;DICKIES - CAMISA SOCIAL MASC LINHA CHEFF MC UNISTILL SOFT AZ MARINHO;INATIVO;Solicitado por Luana Somenzi 09-10-23;4;4
DC219PR_M;DICKIES - CALCA LINHA CHEFF ELAST TOTAL  FEMININA UNILESTER PRETO;INATIVO;Solicitado por Luana Somenzi 09-10-23;4;4
DC219PR_P;DICKIES - CALCA LINHA CHEFF ELAST TOTAL  FEMININA UNILESTER PRETO;INATIVO;Solicitado por Luana Somenzi 09-10-23;4;4
DCP118PR_M;DICKIES - DOLMA LINHA CHEFF MANGA LONGA UNILESTER SOFT PRETO;INATIVO;Solicitado por Luana Somenzi 09-10-23;4;4
DCP124PR_M;DICKIES - DOLMA LINHA CHEFF MANGA CURTA UNILESTER SOFT PRETO;INATIVO;Solicitado por Luana Somenzi 09-10-23;4;4
